,hebb,hebb_smooth_rate,rate
0,0.011543815930650885,-0.0015137915920121515,-0.001989246263724252
1,0.023483331841218737,0.0006959188983787809,-0.0005002512342575271
2,0.01106849150786068,0.004124926869355489,0.003947123911480428
3,0.023689627477431772,0.008565730075366899,0.008342111080774067
4,0.02801258531839619,0.0013938601759786345,0.0008085227868367126
5,0.008948915242213468,0.0037468250588011927,0.00407120783393848
6,0.055797591395530255,-2.519081537052262e-05,-0.0013221300244787382
7,0.011590953727491875,0.0015722895584502701,0.0016558897273220542
8,0.013907379767673513,8.670495946950267e-06,0.0007755793621659996
9,0.07014929345293473,-0.0005110000952526746,-0.0009392791646766195
10,0.01065967290595752,-0.001332903901566817,-0.0017192384655858176
11,0.011455874930137484,0.001078673259168284,0.0008188520040953408
12,0.05497759876726391,0.0069141234941155205,0.006555101151410507
13,0.007559652826174079,-0.004679830954253632,-0.004785054403355334
14,0.00999839155078148,0.0005689238344663353,0.0005500738777271585
15,0.08306913005143648,-0.003942453190047832,0.001150023067764275
16,0.023800524020956417,0.0021392947271984186,0.0012990246742780223
17,0.01344838149752686,0.0033884823106929878,0.0027372120018778075
18,0.014799387858078883,0.003282390504253492,0.0016049669669579482
19,0.011779596867491438,-0.002145756373538091,-0.0015099463843869097
20,0.020227499478179617,0.0007811394558928877,-0.0016514268328780548
21,0.02527334393008944,0.0005356460023349108,-0.0007174284240973325
22,0.009347476088079327,0.0009899876631080308,0.0013851848884663801
23,0.050845098026331345,0.0026274533509670207,0.00041694031789145754
24,0.018021195734009156,-0.0014402952426569374,-0.0024250388595780463
25,0.03713330979844446,0.0035657598503285467,0.0034090185238797345
26,0.013056112648704604,-0.0010708422345178123,-0.0019252054093080275
27,0.009680461757223681,0.002015078176018755,0.001922792065597217
28,0.013212321288188746,0.003594142032208736,0.0033539676756688757
29,0.015835702680076284,0.0013436235602968902,0.0012447034446121353
30,0.03255065292015935,0.003676635179386849,0.0019428083965966913
31,0.01141228898423355,-0.0023130993380827396,-0.0013225253330662679
32,0.03324762760044659,-0.0016995944072390823,-0.0015554278133447256
33,0.04678039898109869,-0.0043034168203845155,-0.003780808696670262
34,0.010125756977946335,-0.0007474960177770107,0.00046946118207656705
35,0.015608062770087994,-4.013819326809655e-05,-0.001357742149028825
36,0.06503974070368071,0.004885408455115661,0.0056593583897543995
37,0.03692870738902605,0.0006109322177770513,-2.2533277338244393e-05
38,0.009748405657176246,-0.00018290858280344991,-0.000989882088666721
39,0.0717300166341561,0.003105938533119308,0.0015800104593129791
40,0.0018346000137820404,-0.0031160323830471425,-0.0033817121390580544
41,0.011867610679230383,0.0016300895392192525,0.0016546963880983302
42,0.020073197989143168,-0.0018940324814460832,-0.0008748473799374095
43,0.012518738555424631,-0.00013797975505083036,-0.00046300433513604255
44,0.012564375937202483,0.002493740465103236,0.0004804229181925458
45,0.00840551559338118,-0.002248065822370586,-0.002065479908352759
46,0.012606332383980881,0.0026475615075617926,0.0027732303468652494
47,0.00824802941978506,-0.002523264194567005,-0.0026379921049432113
48,0.01573527627816716,0.005501142781054295,0.004531101300497137
49,0.009887640317009025,-0.002377040894674291,-0.0026870255307566092
50,0.06957641282711342,0.003384078237959343,0.004404780256175107
51,0.014979899895718768,-0.001558004438725275,-0.000952023409956874
52,0.013220071926720159,-0.005286026949439937,-0.005338294684749591
53,0.020801243505674704,0.002988814985702407,0.004366078640474654
54,0.025050307924347825,0.0012318396184153341,0.0015041588304048146
55,0.002874805659205185,-0.002729432449823545,-0.0020473566795240557
56,0.006510715272121764,0.0013692287150053077,0.0029032425556612144
57,0.012194957736531524,0.0012493576032514954,0.0005392713971813167
58,0.01117064025862889,-0.0017608537185293432,-0.00020831008763102962
59,0.014701581220981981,0.0007469096453724059,0.0001805188861561189
60,0.060867084677700606,-0.003162300985858123,3.242513931539843e-05
61,0.011278967426094947,0.001555708274945509,0.0010541684144625774
62,0.01394797940898468,-0.001055631771509939,6.930766146157194e-05
63,0.009880701620189579,-0.00034333888392590133,0.0004257111956225719
64,0.010927809140002112,-0.003805310082647498,-0.002445581427512105
65,0.007193035974330123,-0.003360312242944978,-0.0015759576558182296
66,0.007315670264557044,0.00016469545342006549,0.00037139993261025005
67,0.016740382719399927,0.002828330274898356,0.003166826599672893
68,0.019994126498910945,0.0030111549779641756,0.0025390407123859872
69,0.025879730058169337,-0.0014638973544701622,-0.0005199105725819104
70,0.008322662247442752,-0.0006743104384015229,-0.0027821212928405134
71,0.023725029224292732,0.0019443633859708535,0.00047476500009447866
72,0.05262162597724453,0.0016900881851576784,0.0008642497866300474
73,0.024489387889905446,0.004572303626965014,0.0026072871726170294
74,0.0010226756419768992,-0.00595322776891747,-0.00534329893489286
75,0.015206385557185738,-0.00042350665119997045,-1.5551242537557932e-06
76,0.023114919081003438,-0.002541489998626692,-0.0011480081365202713
77,0.03952557646359051,-0.003718273411435382,-0.003350535792049758
78,0.034977234095794105,0.001102363101068641,0.002344690764607724
79,0.030575095376127966,0.0031934275722835573,0.0033003157101861936
80,0.039751720750897813,0.0009353755231693537,0.00044475107781409107
81,0.04819362376979691,0.002292847173682237,0.0014544922228979327
82,0.04704331203069596,0.0021784311309225846,0.0018919872624393735
83,0.02024469192027322,-0.002506593470904228,-0.0027208791626978563
84,0.0446652173100195,-0.0006561876727804401,-0.0019724477900095287
85,0.03134176048583453,0.0019995963652457405,3.551901834573681e-05
86,0.010098353814125162,0.0011072092947693557,-0.0013210433052382948
87,0.01114568660720965,-0.00337202435982789,-0.004345590270121584
88,0.034639210220098075,0.0034333814195444214,0.0028334196592227135
89,0.022075098190299333,0.00010659811218442002,0.0003805037726613732
90,0.00765474713606027,-0.0021824841566506037,-0.002558507841742252
91,0.015495067247157983,-0.0029792541518543023,-0.001022765306580009
92,0.008186107655198916,-0.0018699350241150067,-0.000990315840532321
93,0.013147210283206107,0.002117262939175948,0.0009118333567306573
94,0.01101824704062779,0.0012793507712447873,-0.001427438154798102
95,0.05372473832060099,0.000987432417194054,-0.0005718125880236239
96,0.011322235324422824,-0.0007453897992308247,-3.732974259460593e-05
97,0.014323208091452358,-0.0007988455180497077,-0.002578968107909248
98,0.01118926158378783,0.002276726175326629,0.0002724752212415984
99,0.011740831390087853,-0.0014490855228101228,-0.0014650413358447084
100,0.02278835731313091,-0.0015049514648772262,-0.0013275761229796887
101,0.027911413803365013,0.0010780491120969088,0.0015793845383194043
102,0.01844414406565262,-0.00365984899856033,-0.0037668297622128993
103,0.008620093208009438,-0.002738232141568564,-0.0007988729452791573
104,0.024441535676114075,0.00629007165961311,0.005818496346315532
105,0.057962923123233666,0.002903174432327629,0.0023661493489311783
106,0.01607147693049607,0.0034625007976407597,0.003364613164548658
107,0.015868970760869603,-0.0024414916905064516,-0.0035150493204337166
108,0.04393185841654478,0.00021991000219587095,-0.00017640177592288624
109,0.03162743068331427,0.0008024859784344732,0.0006676695525389269
110,0.025238903086952546,0.001036045329178385,-0.0009892806812400268
111,0.008971898844577601,-0.002199916991973307,-0.0013964990073181613
112,0.06193465786863655,0.002399787744367332,-0.002343235010172911
113,0.026066287031749985,0.00025635356395377915,0.0015917777074883313
114,0.020703246265438808,0.0016721308255230184,0.0012082251081541387
115,0.039304796525057514,-0.0022859383333529416,-0.0008410192697577807
116,0.01728027322421674,0.0023189835938547563,0.0009036991105572572
117,0.031145226679373687,0.0016362078404602788,0.0012075906674370528
118,0.017010267773760718,-0.0010582648566902035,-0.0014415909958894581
119,0.041552992507642425,0.0011542372582258864,3.100261557336568e-05
120,0.018581444153681383,0.001167178188665421,-0.0003755238662563713
121,0.011136452037327913,0.0013538702194378853,0.0032989139405807306
122,0.012609046790362422,-0.0028171117066883218,-0.0013131651257193625
123,0.01465685389748092,0.0016885978485973907,0.0014786880695389305
124,0.018926437504888458,0.00042329616070828303,-0.00018574444497590923
125,0.01593664464785326,0.0021967620629227426,0.00268294057015518
126,0.009471702452285582,-0.000605301934356213,-1.5525424831122e-05
127,0.01642584577452203,0.002897217149354777,0.0017891932262974518
128,0.02055280415746796,-0.0017095444822392742,-0.0018540441538971518
129,0.035127771295014286,-0.0003853373317479948,-0.0011658777891392692
130,0.004851707978157773,-0.004974069525322804,-0.004686497621289179
131,0.07656530352040655,0.007261823692381885,0.004617486663272727
132,0.004523681986298335,-0.0035179167941777256,-0.003388323512728752
133,0.03222332728260947,-0.002320873186448176,-0.0016622428684978515
134,0.029164791518450705,0.0018974677399306893,0.0001445037502427232
135,0.012951835586337553,0.0010505624266310396,-9.200367741498219e-05
136,0.027118508199740942,-0.00046788037652893737,-7.017172814433162e-05
137,0.024626586256442807,0.005255981993552539,0.0027773121195272536
138,0.032112639667256034,0.001982207408737205,0.0017762066835837046
139,0.015172892652414125,0.0004960655774378825,-0.00017742660115525996
140,0.01690399147248985,0.0034778755960926297,0.0036862247188927063
141,0.0064823096237077975,0.00014368285603445706,0.00019530470723196926
142,0.004411037440089315,-0.003245192684228393,-0.0024731600682514144
143,0.012805755371688902,0.006063917482278804,0.005081909404113263
144,0.011921688441603184,-0.0029730256936798885,-0.0031186925313162386
145,0.016850784507354406,-0.0019287147977338109,-0.0017824882042655748
146,0.015116066517911121,0.004609062380021056,0.0035886431154618084
147,0.017924257188917145,0.0023605616043280583,0.0020349087344896056
148,0.007253980319908397,-0.003834644225098642,-0.0033259875390765714
149,0.015285941041368599,-0.004340803180169546,-0.0022107640025039884
150,0.02638504688021909,0.005620887103111784,0.005308509100239076
151,0.014713129559228726,0.0017768705022299307,0.00212489012269207
152,0.026954196105315822,0.004547445310508547,0.00403810745190398
153,0.016649931643361003,0.00166073766449604,0.0015966893600448007
154,0.021305152935555894,0.0025308146658026137,0.0024209855016195715
155,0.028482840476364058,0.0008514280717685939,0.0005263179893090492
156,0.03427861697885536,-0.0021626343354290397,-0.002155831692027875
157,0.012117084410652975,-0.0021608146061897968,-0.002993489286495
158,0.05908793499202907,0.0009674522244883176,0.002375779990565334
159,0.01738404950362692,0.007179598318651022,0.005857119517352153
160,0.01116421132238084,-0.0005259903959522239,-0.0005640118049638408
161,0.008376035085987244,-0.001139437206423935,0.0005427019900421066
162,0.017793737074661187,-0.00013291159531375282,-8.33785130681348e-05
163,0.032921286371016295,0.002525419283335638,0.0016331272874915185
164,0.02982195992751916,-0.00041339857493741326,6.148572583088873e-05
165,0.011816138292095053,-0.0006481790318674013,0.0004298329568918581
166,0.02711018946286997,0.0033111993240905043,0.0036932454740823883
167,0.0110938965243803,-0.0005331922402397147,-0.0012225473261990216
168,0.015034456292984449,0.003267177622079228,0.002002844826329028
169,0.03295140329270569,-0.0031446191316089347,-0.003098523617710869
170,0.011806354555982411,-0.0013209001442112353,-0.0005355722676914587
171,0.025588444945538188,0.0062558120361134485,0.0034134377058789387
172,0.06607824089189765,0.0038867627825175583,0.004728533435010714
173,0.007946488570441178,0.0007340598779335696,-0.00016844115515631284
174,0.013662061740776475,-0.0010543654838081743,-0.0015796218758736518
175,0.014171659479724657,0.002093823095636753,0.0019717472008370044
176,0.04602714940049929,0.0033963665539171787,0.0038383269170233036
177,0.03396484122818557,0.0052646154365715726,0.004446722205018495
178,0.02108187151515315,-0.002424528326170023,-0.0020092772136103576
179,0.01098013408492238,-0.0008495815340890322,0.00019518964466485315
180,0.011033317125242319,-0.0009766969661004624,-0.0010787827025493428
181,-0.00038166866215982756,-0.007465561355641623,-0.006838234202454023
182,0.015445235329059793,0.0030416223424298734,0.002853670272408181
183,0.009937194826101468,-0.0006649116607960341,-0.0017217529878667107
184,0.023340893768825796,-0.0038205650913682573,-0.003374574296864486
185,0.026143534772334748,-0.003231385244666297,-0.0051548599424765
186,0.02203313464978288,0.001669731076266364,0.002244185464859915
187,0.01494690016969072,-0.0004301856211236075,-0.00029110925678004943
188,0.039347511923298405,0.006633731625695565,0.0056154708307588905
189,0.012209006824725855,-0.0007577804047614708,-0.0016760945409616248
190,0.021445393092107277,-1.0988335395132969e-05,0.0014712314240915773
191,0.019971317061360547,-0.001586868508575319,-0.0016746330458977709
192,0.016007160511672655,-0.0027672750905512974,-0.002098203419789632
193,0.013187730994133796,-7.16667815440128e-05,-0.0001927033829965882
194,0.05569573373234674,0.005257925616720197,0.003876668108046582
195,0.013545511198179662,-0.00011344074698007737,0.0009750388330988202
196,0.01761851194842042,-0.004660535868375989,-0.0028679123076103866
197,0.039927324801441046,-0.0028328202758941077,-0.002474621130374861
198,0.08421552177748545,0.004071463935112719,0.0037469606292328717
199,0.012345997330962234,-0.0021916540908295317,-0.002173177245139463
200,0.016218848759063997,0.006335917608150523,0.005096694433871071
201,0.002001439369551894,-0.004062691825568382,-0.0032642627916504028
202,0.013322682190921439,0.0025560102723100335,0.002340623176464611
203,0.042623060538251864,0.007003184440768725,0.00493178972044077
204,0.027948621714683392,0.000176511798550503,-0.0006447995796984403
205,0.04040245716091246,0.0026705845731835173,0.002332030014137178
206,0.008829681658036256,0.0008726432351375649,0.0008383078618722689
207,0.006497872619465969,-0.0024951542595881776,-0.000640848238413468
208,0.011577366685993655,-0.00034657247899583384,-0.00018253104086821522
209,0.019938814538646158,0.0011866950899282816,0.00046323403121841607
210,0.01174319312761277,0.000911884354180624,-0.0004310068033636307
211,0.061451229597460716,0.003372963549618821,0.0031532017605518333
212,0.006515028742870186,-0.006113910693898557,-0.003167775467534665
213,0.0387447927390293,-0.0013990523715643778,-0.0005113367729795614
214,0.016967687629304968,0.0049536301359188375,0.006087129524813838
215,0.01802393755168239,-0.00020293443056845905,-0.0008172014720341738
216,0.011970533453152046,0.0008986929184646492,0.0008836276437917498
217,0.04281229103158348,0.0020983010351783575,0.0038770425093828534
218,0.04927981221772111,-0.00034841727156531554,-0.0020921467072636296
219,0.044472740301437,-0.0048556878850375875,-0.004647987807871822
220,0.024359656276960615,-0.0031642579731546963,-0.002064639057589813
221,0.06818576404583962,0.004326364042960427,0.002485932569582098
222,0.02151247176189359,-0.0023974483024247185,-0.0030325561964680676
223,0.012949959448282158,0.0002729384767144867,-0.00016876822610484998
224,0.02729549036268835,0.004848942676548464,0.0029156515334418797
225,0.015323605937042097,0.004128514813437486,0.004135693145548546
226,0.00738707169619063,-0.00676274476486296,-0.004277409294688868
227,0.05178400910769431,-0.0021653459133563714,0.0008129028338740109
228,0.0071920220448797294,-0.0022957706215159124,-0.0012828719458928706
229,0.01160936208678332,-0.00012702515449945564,0.0024913011756911097
230,0.01026915910606788,-0.0005150113473473556,0.00020569872168508773
231,0.019621592216136345,0.0012661527443951189,4.2949056483662065e-05
232,0.041039477202160786,0.001621061797866955,0.0021613652960416944
233,0.04272153004277526,0.0006515543308497974,0.00044693824000316315
234,0.041956783016434025,0.0014129606749605829,0.002382085342683676
235,0.010062120906053764,-0.00255301289216014,0.0005312461562029656
236,0.005716355242151795,-0.004519566045700175,-0.0034412277464340502
237,0.017989837715628863,0.0015532592083290623,0.0012507330362219466
238,0.007809549215660401,0.00025307521349525035,0.0011323206597521113
239,0.013740246238364832,0.0023135466318414018,0.001814545511023806
240,0.03200887926663833,-0.002024498142643498,-0.00048472940624275313
241,0.022647510560777736,0.0008775914486663007,0.0001524132679300553
242,0.02733083624047654,-0.0020262397938503756,-0.002674945163190034
243,0.018514029834010803,0.004852298511930193,0.005040755209124821
244,0.023762367239188724,0.003758859035356809,0.004309186860856524
245,0.04537684833010666,-0.002890686474078425,-0.0025272428297875797
246,0.00667449398295675,-0.003006177162111405,-0.0021883082361209595
247,0.03410563871085057,0.006211231576709529,0.005955499830959443
248,0.007927877805651804,-0.0015263170367690994,-0.0022132464348097467
249,0.008466423819397374,0.0008546219380482839,0.0016478716906318065
250,0.013249504208797901,-0.0019127312821914434,-0.0007913721417365202
251,0.10521051431525373,0.0019526973476300161,0.004895820087131098
252,0.016439211052723324,0.0023845208976256593,0.0022079450359361657
253,0.04896154257134289,-0.0012865145939247292,-0.0004645751891721003
254,0.041185632024080196,-0.0017008457485689155,-0.0014379003179402997
255,0.05771450321653543,0.0011114374325781027,-6.689692529871488e-05
256,0.014819488215858982,0.005136104481319489,0.00429871363591082
257,0.08151620012725969,0.004987664608492369,0.004330112652427803
258,0.020761899591537885,0.0009418840272380323,0.0024632619613521234
259,0.014161383015735187,0.0023161627203609697,0.0028364893916319384
260,0.006776445152996949,-0.0032171713464453854,-0.0025659930313194222
261,0.028491231155645856,-0.0005844231772808593,6.715717190182202e-05
262,0.01449800759123325,0.004263988638774294,0.003248398584047547
263,0.011907416134269369,-0.0010354262399318531,-0.002476288227642042
264,0.03355358625266247,0.0044535000650321906,0.005063326813172444
265,0.01526530419171285,0.0008290087540226523,-0.0011713842161534497
266,0.0010036792735003078,-0.00721045554452717,-0.005899384099242473
267,0.03430871105103729,0.000718004668349854,-0.0005815386180319692
268,0.014844306818332598,-0.0015761594937536171,-0.0021418530518383704
269,0.04208967055280718,0.0009276725439820497,0.0009551762633426943
270,0.017960532776973917,0.0009488012752133161,0.0014715581451389779
271,0.044497638293886525,0.0023212683268417616,0.004988047883626292
272,0.0030235016162912355,-0.004407837844985852,-0.00504083705302963
273,0.040256767054467665,-0.0011705886865984723,-0.002177126776955944
274,0.010837301736225609,-0.0005724349002944082,-0.0003607069572176099
275,0.02248128369396503,0.0029662041109856396,0.003439335852346021
276,0.021050941972393458,0.0034035341997336764,0.002629437877692576
277,0.017420302894358808,0.002936363183274117,0.002162389889801903
278,0.004031229481639431,-0.006269898491060793,-0.004168677323580082
279,0.01137674521225438,0.002459505685999705,0.001090783178248005
280,0.06617504955430023,-0.0037956589492568883,-0.003441716468519748
281,0.014373255589231,0.0005404690607063873,0.0016379615963995407
282,0.010567372898279847,-0.0032880411993063225,-0.0025697176992446683
283,0.012168643738196048,-0.0007530124035518768,-0.0020602882215519087
284,0.04683607902579353,-0.0031109697825113195,-0.002900056338462048
285,0.025705490952614686,0.005738046202283876,0.004909830342410434
286,0.010412809397843266,-0.001232140766524259,-0.0004635311552924504
287,0.007455223379502621,0.0002332855114839602,-0.0006440904389370736
288,0.014889536693827105,0.000809078137469929,0.0018644421234193008
289,0.0414284095137727,0.002233705538609407,0.0030243308230209092
290,0.0043474021717666384,-0.0026518403118971916,-0.003610360342818203
291,0.006523658838813626,-0.001377134394597324,-0.0006714571929374155
292,0.009492210060449808,0.001567681434862245,0.0017282666015518864
293,0.011261744054648717,0.002675187008749526,0.003181628574629565
294,0.02312017023021618,0.00027228808071703286,-0.0009142098704090687
295,0.029249552203853876,-0.0005221454491978637,-0.0006431830492847408
296,0.0429295139221894,0.002301149696789566,0.0018909106117982045
297,0.03323178641581671,0.0028954755005622876,0.002335062486328716
298,0.023844698183894935,0.004278313859197793,0.0013675027754208348
299,0.008457408741870369,-0.003836359702089484,-0.0029268266643755177
300,0.06215529518984622,0.003060236648488992,0.002967951072369024
301,0.010130966088154622,0.00024609811547323426,-0.00017202201738073555
302,0.05365601355206835,-0.0003525023818331107,-0.001224019505173048
303,0.020595697851710913,0.0014525955540832987,0.0013062620674742136
304,0.00986365496086311,0.0005025734444603592,0.0008561955174285804
305,0.008459227766746841,-0.0036487456622473573,-0.0041392130322474045
306,0.01308786234570813,-0.00033424469452944793,-0.0009351746376753073
307,0.07562379398524752,0.003710404181972681,0.0003608303848771221
308,0.009309843057233145,0.002258004741663938,0.00291542949824015
309,0.049898659364295876,0.0033831747931616835,0.0015121874093286392
310,0.018692179002771602,0.004652984346481297,0.0033798468094407745
311,0.07372764200036393,-0.0027718888506052487,-0.0013528423589695851
312,0.11499187399822372,9.651518534234708e-05,-7.41043926597723e-05
313,0.008081117787064966,1.849026282324617e-05,6.43232586379771e-05
314,0.05558878209430809,0.0013081786916041668,0.00010780533715069296
315,0.013935304343801204,0.002208264141221666,0.002128407211382338
316,0.010715284807818585,-1.6401891956111833e-05,0.0020491222836706595
317,0.01337246980590192,-0.002392896987867891,-0.0008794890650325917
318,0.009536182809263067,-0.0008555609093613124,-0.001718411090366766
319,0.0839283143367311,-0.0032828133638880676,0.0007145344139290634
320,0.003645004167391886,-0.005163152331462931,-0.004023233715922214
321,0.016500547808156983,0.004099941693126224,0.0017307955117914357
322,0.022482022310750995,0.008000400515652638,0.006888551011660318
323,0.028955848238979058,0.004293409469610577,0.0043958917400453565
324,0.015406972256446714,0.001566925543933059,0.0016541734642095515
325,0.010164141152289221,0.0036635078045985934,0.0020463379041200974
326,0.010710346143450882,-0.0029958562910465214,-0.0033264425711481975
327,0.013179773143478657,0.0005322245575721681,0.0010994947479619377
328,0.014299868476379162,0.004624073661016739,0.0016615478181649242
329,0.05332062825871282,7.108754308704981e-05,-1.8013925677293415e-05
330,0.01196488641131045,0.003301429989934834,0.002477459000178306
331,0.020412603928485734,-0.001181316006874463,-0.0014744800544501896
332,0.02955256365475853,0.002665656153893396,0.0020447886189736485
333,0.05402390715315182,0.005488105398424447,0.005041106627887601
334,0.008602977414569344,-0.0029034875622893563,-0.001129074385415073
335,0.015902681298207915,0.0020393862915218846,0.0011644441540046792
336,0.029918849181614082,-0.00045201373516590046,-7.54296547077476e-05
337,0.05045477582817614,0.0025045657542859,0.002154380661215458
338,0.02287307826159507,0.0020059246420631783,0.0007000060224338559
339,0.04843321188884981,0.004038738222377372,0.0036343536285488812
340,0.031487517989488276,-0.0025928415340827284,-0.0012309191209103558
341,0.029672099871115576,-0.000800995412541835,-0.0005382926637207211
342,0.00902448085653526,0.0038223099354003356,0.003965901377775393
343,0.02559322181907328,-0.0022170307012199944,-0.0028917740589248435
344,0.007431189233251627,-0.0010805850258421535,-0.001731248637439079
345,0.04096637740296126,-0.0012169695435448801,-0.0035859047202644982
346,0.023729804476041522,0.0026485119579576764,0.0024237467866267386
347,0.044267512861676434,0.0020395653657890823,0.0014037511858972843
348,0.04884039516081541,-0.00301780817361467,0.0007538169235018186
349,0.014325875637207146,-0.001583449386531895,-0.0015040809810010795
350,0.019419468773405404,-0.0007466202626857602,8.849803772528688e-05
351,0.026751027896485598,0.00027566518414940164,0.0009114570069592917
352,0.01779114356556907,-0.0015306518681538134,-0.002589691284056475
353,0.02680366940390717,-0.004197563448993647,-0.0037574226413101385
354,0.007280653923796708,-0.0057346965232970715,-0.005482424747973984
355,0.024974758654140616,0.0021708081397060863,0.0022289998795291584
356,0.00856727434845655,-0.003210548027459096,-0.003617341143002736
357,0.03486375742445317,-0.00034660873536070303,-0.0003550683590547774
358,0.007904345863733132,0.0004991398087692313,0.0004289079968384655
359,0.02294760745086018,-0.0003571400139625983,-0.00189131777050946
360,0.013049627681105094,0.00011147469156428546,0.0007479405748811659
361,0.017712543270275133,0.0019929409821232533,0.0020973034069629165
362,0.02065668861880501,-0.0023874414250756875,-0.0026232401150389786
363,0.029214647342572186,0.0008859303696210841,0.0012042884238337393
364,0.00586365022929397,-0.001839386374137555,-3.6280366724089435e-05
365,0.0227606064183857,0.000784601886323922,0.001306433873782197
366,0.033978346816064625,0.0011819391480902546,0.0014956253794395759
367,0.009579246384098473,-0.0010516035885661367,-0.0027515666073390605
368,0.003969104967221476,-0.001964233566884159,-0.001026043611893053
369,0.016969451339579923,0.003438451435140664,0.0017975564229860321
370,0.010261646339890648,-0.000910067668388119,-0.000723433567604528
371,0.033993128741540264,0.002009762115274616,0.0033727392484025347
372,0.006024862203837241,-0.0023353607620364477,-0.0003347093278314431
373,0.01416844065993048,0.0008652343180830628,-1.585068990262192e-07
374,0.04864237986772276,0.00573705454001284,0.005100297752875011
375,0.008904212703260094,-0.001007991769593152,-0.0033277608371996437
376,0.012195810019900586,-0.0028604838905043123,-0.0014823333409235062
377,0.010431660351906388,-0.0011933753576716603,-6.308061407844363e-05
378,0.010661386503433219,-0.0007282617491121165,-0.0013186625258311717
379,0.026063682428731427,0.0025237739701949144,0.002741539654326637
380,0.040652620150682994,0.008496305527472405,0.006088087645146846
381,0.015121728631630336,0.003372083485093672,0.002305359957106997
382,0.01866892717877633,0.0011497685508428527,0.002414423917551151
383,0.014673083531122389,0.0031802827393326927,0.0015635017226746889
384,0.011362798578523004,0.0014384641970883296,0.001036947997354477
385,0.009888316564969028,-0.0034191582182934413,-0.002996875246908592
386,0.01159903540827912,0.0033741252611028862,0.0034370961661529167
387,0.012320855794736244,0.004052243843572069,0.003968287528218899
388,0.02447587967694881,0.0003679177784601055,0.0011495861087325561
389,0.014449456993202305,0.0014621360635923676,0.0021892039084546082
390,0.01478596099783406,0.0010464474092539992,0.00010084625550778387
391,0.016537779128595026,-0.0024773736898692136,-0.0009902280814872292
392,0.006946509748173667,0.001781567523564232,3.612518770983397e-05
393,0.0586682358087084,0.00037039185431617105,-0.0004700281526859364
394,0.018427544001199597,0.002431326781169044,0.002567005249817924
395,0.04732759024523887,-0.0032710257863451993,-0.003963763940274061
396,0.014866417842286555,0.00197337734489383,0.0015192491166308246
397,0.02743650025761067,-0.00227537311248612,-0.0023426093593438783
398,0.026162731200445488,0.0008436936949077142,-5.86007239125557e-07
399,0.009758003602031445,-0.0014176418998610213,0.00037812189301816027
400,0.03998980001157043,0.003949112312323772,0.004080029303110974
401,0.010318462207516508,-0.0003696523208869531,-3.425159452071692e-05
402,0.01984007106284593,-0.003977748845303465,-0.003386819123957664
403,0.01378406313838377,0.002880205791521392,0.0016554662245368266
404,0.011905644427593457,-0.003934088839758036,-0.004216331160926205
405,0.014746950471221895,0.005265889045809087,0.004385878307304599
406,0.011207240645130654,0.0032674078535634074,0.0024902156886905855
407,0.08870255804532148,0.003180592015016619,0.004416893042082631
408,0.02178895244485913,-8.238160461684622e-05,-0.00010018225463739828
409,0.00957714641634889,0.003056943213634849,0.002122149998371532
410,0.031245776342598012,-0.0012271230591212388,-0.0006519902268968354
411,0.015195890540562796,-0.0013348204661442417,-0.0011649025071480675
412,0.010030778929847849,-0.000627241367366489,-0.002580977462080954
413,0.02123352590414682,0.003965020342141816,0.003891738762029381
414,0.05448085202287609,0.0026439306093843733,0.002542422407319808
415,0.005074164809680677,-0.002083097488867281,-0.0014988307260433253
416,0.013015974107034076,0.0027222615327564042,0.003446898900175309
417,0.008028170608553148,-0.002130156223736354,-0.0008571403027272272
418,0.014957970307212156,0.0005634112125177755,0.002459824915031591
419,0.022412556262248914,-9.77407394644026e-05,-0.00015762301969329476
420,0.027417954501642857,0.003750219828141357,0.004300062490832352
421,0.005994523323180776,-0.004713985407298748,-0.005972650852036229
422,0.029086650968859283,0.0029282902659827875,0.0033789410583939436
423,0.008793353434515665,-0.0013421324747002756,-0.0018631130278335694
424,0.010396482395308089,-0.0010661334367806899,-0.001927853901947308
425,0.008623270559484409,-0.002032490230040311,-0.0017699979823038881
426,0.01473754607080422,0.006461943941751826,0.0042797759290364844
427,0.043807096617152506,0.003896321967871274,0.0026597889262152765
428,0.008785009024126933,0.0020269220299377055,0.0018246664400295215
429,0.038118838658133494,0.0011779456470758277,0.0003874621070999714
430,0.054490772540741673,0.0002055071810283976,0.0019667661398538256
431,0.019263004594879778,-0.0006372721046446545,-0.0009037820521680842
432,0.08974145042139298,-0.0031586548424721683,-0.005994096151360453
433,0.01577940509766697,0.001256836963543276,0.001477824618855931
434,0.014061519391516926,-0.0007364204858094978,0.0002645095404788603
435,0.013158997486900985,-9.207516742602811e-05,0.001267823804576858
436,0.011216345114994555,-0.0008801763494413513,-0.0005198906040552463
437,0.009530065970959239,-0.002017147740686051,-0.001421070377041035
438,0.003957917717007166,-0.010249649884195737,-0.006888955284926859
439,0.011566208940193829,0.00035155423570277253,0.0014114219616378747
440,0.015094624330714833,0.002787975929675465,0.001839232166614946
441,0.045919804290637974,0.0017253843050643806,0.0004247301304873756
442,0.034606465569081535,0.0030718912728107998,0.002560374527891916
443,0.02006506447607886,-0.0015169082737732545,-0.0012088067500114924
444,0.013078276984787685,-0.004076955716548527,-0.002919789121150872
445,0.05910503634420126,0.004245855462070289,0.0027830896509353823
446,0.012742680884467466,0.0033425498760005145,0.001001153088255378
447,0.05215882440569448,-7.92463971656341e-05,0.0007472124966170055
448,0.07114673017913216,-0.0007106787671414175,-0.0015184214322333865
449,0.017914919689694216,0.0011003136615293013,0.001300986810848287
450,0.03632671450915768,-0.0024269368771103585,-0.0004030070464684627
451,0.026900351106360142,0.002407758425426249,0.0013357700456115818
452,0.011879561601348964,0.005907812749943364,0.004274449376671218
453,0.01663626093083587,-0.0033584751526332646,-0.0029432753908679135
454,0.011381540716002845,0.0029318940110035006,0.002915580573656282
455,0.048799883189481336,-0.0007662704438342109,-0.000973370711246669
456,0.017778179993382076,-0.002385826748759324,-0.0014759114801460578
457,0.014650415244530254,0.0020310507420205877,0.0026962592558277274
458,0.014783897984684954,-0.00353869908007569,-0.003031605665792282
459,0.007964579018662023,-0.00020140473419899655,-0.0013039961459623407
460,0.026503498288950475,-0.0007756307165158569,-0.0007552573928658641
461,0.017514010717447123,0.005348970405068896,0.0049547699960573255
462,0.03931304218099823,0.0019387058076573206,0.0013032231394448025
463,0.020608611868811175,-0.0001322867466386402,0.0008016638190086741
464,0.037774363978496324,-0.007137285517682499,-0.005553653225081149
465,0.025760850146754492,-0.0022272458319519627,-0.0017043784292189743
466,0.009904648485333097,0.0005463853730216416,-0.0014083561918313994
467,0.012237506680834263,0.0044846540030801805,0.0020446084446715707
468,0.00510864735057476,-0.00299670622571557,-0.0033975632985344126
469,0.03851959969617468,0.0020393226030766473,0.0020423156925734286
470,0.029358643056262835,0.0011212725605296385,0.0008568323101427525
471,0.013706977607368378,0.004195625970817152,0.003241098621777539
472,0.005280215114838558,-0.002017502515944669,0.00031443989322171026
473,0.02694974150095457,0.005443564886080057,0.00467451259230037
474,0.07715824337709236,0.005434904405296681,0.005170462499125837
475,0.031268065417680097,0.0018936106553621116,0.001338443285708684
476,0.035196623630835734,-0.003900793451228005,-0.0021262000679055626
477,0.008447456743701433,0.0009877540389155962,0.001994445161894187
478,0.007782736462851571,-0.0011993731378551983,-0.0010556595798784868
479,0.012991154259262288,-0.0002842337668821596,0.0001846718183140638
480,0.015027609533407227,0.007037755538227428,0.0052658312602818285
481,0.010400196984281428,0.0018820981747839003,0.0008600673272556734
482,0.012584200549695255,0.0033838298409100383,0.005560019934902772
483,0.010734225669278338,0.0016925605909794482,0.001149019486512769
484,0.016209759059128456,0.0026123159825595754,0.0029071869747999825
485,0.011315235867742055,-0.002289761860395987,-0.0003334662427170137
486,0.014731881818356654,0.003316813093784309,0.003692549813494686
487,0.00610944509775427,-0.0026583158916717057,-0.002231990417622043
488,0.011580003096971025,0.0009467551458009187,0.0010363081046808064
489,0.046125361041324794,0.0025652529139560654,0.002148568377842574
490,0.00532631215275168,-0.005089974845667223,-0.003627692363914856
491,0.027170610263447262,0.0009195685082782138,-0.0002127617451226018
492,0.013601925256052567,0.0021139904698387994,0.0003773964601489736
493,0.007064203710258513,-0.0028858845758724066,-0.002888604254785302
494,0.011364666064817449,-0.0016322195902628326,-0.0031482751685035153
495,0.02044782215749722,-8.667145019130368e-05,-0.00041314878713834366
496,0.012209020232812232,0.0002269763883078362,-8.061383312963857e-05
497,0.0409426749686394,0.00014699134253228605,-0.0010472811994740906
498,0.03880410093061861,0.00040170546677684426,0.0002553309017257566
499,0.027314873284536943,-0.002679893823676996,-0.003380948210043327
500,0.06861343779438502,0.0015473243554926044,0.0037565569228365206
501,0.011332997684950375,-0.0013344222849286038,0.0002610705181230541
502,0.028637615759691017,-0.0008463969100696382,0.0006395825533668024
503,0.0062583555760910336,-0.002056958083251667,-0.0029758760715735007
504,0.02839902716126265,-0.0005530656699098967,0.00014626829556644165
505,0.049177232762022204,0.0013034625396702675,-0.0010088266612070752
506,0.007485963344732487,-0.005938952158772224,-0.004735634914899197
507,0.011078722876835,0.003521041910229309,0.003964124876437208
508,0.011051879720313103,-0.0017595052912485866,-0.0022974075798928273
509,0.010824337409303608,0.0022229715715866676,0.0016207817783860795
510,0.011555236796817804,0.0006884555183727327,0.0011614043981959285
511,0.028187168320863792,0.003925317425001624,0.004381962120080374
512,0.06039096705498069,0.0019291865173146684,0.001382153801763774
513,0.06144104120302932,-0.0010398497021729604,-0.0023074103727543263
514,0.02708134972593265,0.010661755673117305,0.007942005390154576
515,0.04979609095704659,-0.003654014406324792,-0.002141877869638785
516,0.024182116237283537,-0.0012903090918764233,-0.0008261330340687833
517,0.010730793471164764,0.0006260247600726751,0.0011278478816806612
518,0.011595844596824858,-0.0007459348328127413,-0.000198508979402316
519,0.049739299360410084,-5.1573902696669566e-05,0.0008551598262151533
520,0.011363624500501358,-0.0048678795606450585,-0.0032231165455902833
521,0.02792011809540409,0.0008868961704048492,0.0016665893678301867
522,0.02461241948576267,-0.00129482353399366,-0.002049692914927369
523,0.009066989412215598,-0.0017680583671595468,0.0003581640875337976
524,0.05657452001337374,0.0005655265235996657,0.00018684385335858354
525,0.02353529139625314,-0.0006299423751110859,-0.000479354470641827
526,0.009915328357282184,-0.00038961944511586144,0.000585899217689885
527,0.03959295597859834,-0.00137304328564762,-0.0018138564013181879
528,0.01108492581196857,-0.0007311991418385025,-0.0002174547364087083
529,0.013477261788875414,0.002327214820515683,0.0007795118631844244
530,0.024552146123985662,0.0027850189516444544,0.0010895924949637424
531,0.01210211788893118,0.001926758211571058,0.0023331595828994392
532,0.008358472797756525,-0.0015161514845161547,-0.0017915499176559798
533,0.032271516547906824,0.0015855265238214503,0.0007587205525164997
534,0.012875797225344224,0.0029905332849157196,0.0014315650054241892
535,0.031692450203325555,-0.004440593708334861,-0.004219556028340857
536,0.028203519754408265,0.002109537361598107,0.0018127016641981799
537,0.008583598223840536,-0.0028919999347747204,-0.0009479596998807043
538,0.01121387925473485,0.00048242636729183724,0.002408404834405028
539,0.014254675759969901,0.0005113546368934646,0.0017640837907681214
540,0.020826275108807944,0.003809101311173126,0.002879423904145382
541,0.026155850856609736,0.0070653418957399685,0.00639140023106533
542,0.00949752839528987,0.0014663976249819142,-0.0001419791621239897
543,0.01388805747949097,-0.000518510821129028,0.0010427281622113638
544,0.042102613263956964,-0.0019726247167369767,-0.0029129930949408395
545,0.039728997457939466,0.001573016126279099,0.0012768752204372564
546,0.02724713353752612,0.0010079342266358297,0.0014976312849290874
547,0.0135384785171112,0.004405502183963886,0.0037107561730496856
548,0.004147407734061766,-0.0022788746897010963,-0.003055039665957665
549,0.011796963605911587,0.0010799999402949403,0.0016102840798478352
550,0.01820344765700197,-0.0007980611578483169,-0.00046838868045030426
551,0.10347695071557343,0.005532595234468646,-0.004028473451864518
552,0.012333269751380778,0.0012373074648721954,0.0025323947139982285
553,0.010237578119299108,0.003567786381965481,0.0025871122896790237
554,0.03599435045864274,-0.002271087418882733,-0.002451898147146022
555,0.009856590129443852,-0.0017974220167333642,-0.0023934589279386207
556,0.018246363563034912,0.004504986775081086,0.003553925317233015
557,0.009287223527438474,-0.004583197611814371,-0.0037886992502439007
558,0.014561147661556202,0.0037618330848088726,0.0020603202996499754
559,0.012577170141023596,-0.0004075378018441526,0.0006438828984135886
560,0.0543619705987773,-0.0006613885476521751,-0.0022659390305663136
561,0.013697020865639715,-0.0007876420753501423,-0.0003349571587373473
562,0.04740332783093983,-0.0029874991901875326,-0.0024555989469231556
563,0.0177369280523752,0.008131161265044802,0.0049043035852470215
564,0.009016231172792094,0.0002790254961853607,0.0003707980156380762
565,0.014692442696796848,0.0024864447418640823,0.0002768289428916488
566,0.04819819091024973,0.00288149064645035,0.002795214845345451
567,0.08522459759697765,0.006365963000652311,0.003520804316728334
568,0.007264985612456009,0.0012512192987962469,0.0003836620813322296
569,0.023227596582055577,9.477826582146696e-05,0.00046664973015197314
570,0.0456985767208433,0.0003784037759442271,0.0005646687528744677
571,0.022366302588361704,0.0022958858362570186,0.0008636191396103035
572,0.022859536366290446,0.0008415464299630423,0.00010967166903967727
573,0.016299990943918343,0.004165602135861257,0.0038486996031220928
574,0.018125650326140007,0.0006185856905630491,0.0014701555430314123
575,0.010349212184001906,-0.0005788821609535606,-0.0006980686019951071
576,0.017123718716920762,-0.0026123081101723103,-0.0021556586790359307
577,0.05318762247244827,0.0030772877755204362,0.005309248179154796
578,0.01336976251109109,0.003563888531863604,0.0022650187828636152
579,0.009353856261589976,-0.002935841065447305,-0.003491419275514554
580,0.02542767649462152,-0.0029681536078544485,-0.0023589241012128117
581,0.00952906332823482,0.0007494734638423802,0.001243487137255805
582,0.022045061812088342,-0.0012716416216165568,-0.0014550330394527506
583,0.010706704674915761,0.0001047640856619606,9.919609141732056e-05
584,0.016373831613913627,0.003797470176228197,0.002014145630985907
585,0.004666585046646544,-0.006836614703227517,-0.0042525189430662694
586,0.019180099828834524,0.0012980011294229962,0.0011513326276349767
587,0.012179506225603397,-0.0029626378518575872,-0.0014678439731567253
588,0.012591705745682911,-0.000977377207942404,-0.000685669498534698
589,0.030929571241033654,0.0016790260180933577,0.001333968289546771
590,0.00835499619938165,-0.0006487912831456361,-0.00032010591205102016
591,0.006184600927962776,-0.0019127056097368448,-0.0032605135747084827
592,0.004891675206948254,-0.0015785561131597384,-0.0001463090512299433
593,0.01899315125093992,-0.0011242686920226294,0.001750734451475992
594,0.008022701676303819,-0.003976636929939491,-0.003704887583370069
595,0.008432501755723609,0.00013977061245288065,0.001202868859387486
596,0.02013488178600729,0.003155787349997117,0.0017118258409382098
597,0.08132277666741627,0.0004515642901849948,-0.0014313561019195637
598,0.011970374494274363,0.0023674853416816126,0.0016557220840699048
599,0.0072200172456123824,4.328630085109607e-05,0.00044192911591689206
600,0.009836050365825128,0.0004976159981437997,0.001642222571868979
601,0.007569167204082671,-0.002974705644603449,-0.003554286843701066
602,0.03786341839442086,-0.0023476682163945735,-0.0003064127726678692
603,0.07891947850554525,-0.0007166873190439006,-0.0011185451001993996
604,0.015079924848888229,0.0027058295658629198,0.0028552399278951555
605,0.016644398926756242,0.0029140907921780114,0.0012873914115270036
606,0.061941298689105334,0.005392305860045547,0.003968471714738294
607,0.022782274551211294,0.0011916150792140481,0.0014991956511115473
608,0.03972233686398206,0.000814745536955981,-0.0005128385017653024
609,0.011763763863974033,0.0035376638351258846,0.0034506665577171947
610,0.014418754579100133,0.000985836991646761,0.0008927073341308543
611,0.028075470790455317,0.0030560538065145847,0.0037917640423454635
612,0.01812518477637659,-0.0010995365675110873,-0.0017991331481037516
613,0.01388532554685455,0.0025674735988267666,0.003116828837099569
614,0.011053791558483926,-0.002367982185178841,-0.0031779643730527165
615,0.007202542606312736,-0.0007278247173598777,0.0008300776488324932
616,0.01995231412361348,0.0013412885079950765,0.0007842839208559006
617,0.014922134027284983,0.00022470707070486933,-0.00020548825713551393
618,0.005200840518406731,-0.006441713626670234,-0.005405456358866014
619,0.008245582316551656,-0.0029115103157653192,-0.0018902542530809614
620,0.01013231421809835,0.0019496092912972473,0.0011350930048947853
621,0.010188810189558924,-0.0021075805542412223,-0.0023089261638017363
622,0.00982681577221297,-0.0017844185810344886,-0.0012361739182518419
623,0.008400008593555849,-0.000278943413252734,0.00021258809316551007
624,0.006405584719791372,-0.001750812906034268,-0.0014082445715828372
625,0.054431319094240024,0.004871798498383399,0.001930488076053927
626,0.015787937461607008,-0.0020889597198927683,-0.0008313943793229528
627,0.013925144901458138,-0.0004284962501539806,-0.0008606148696543474
628,0.0035186090469918646,-0.004181173019051201,-0.004710123087170485
629,0.0047130420925418515,-0.004311313421009899,-0.004812320434187277
630,0.014428056333838705,0.00280786388545976,0.0031502903148156428
631,0.017010077123580714,0.004439401302469191,0.0047146430319293465
632,0.011464535934825248,-0.0014693682864518004,4.5501465743507045e-05
633,0.015946187926611573,0.0037590890437013236,0.002260014222025013
634,0.016047513983566648,-0.0008245894661410002,-0.002416934168919651
635,0.048748391631272904,0.003008463483223192,0.0026081347033317433
636,0.014196468392011182,-0.0031814366038945053,-0.0020231360906227394
637,0.019636299758123168,0.0004918085378311887,0.00011255713764123455
638,0.024489092183473192,0.00047273053914964223,0.0008251285638175914
639,0.018548945493468465,-0.0033627278950413672,-0.0031396604032783806
640,0.009982098051216205,0.002907162728971232,0.002029977355991398
641,0.009522056533631506,0.0004746978486082039,-6.278126087568417e-05
642,0.02765756544682831,-0.00014614950188861523,0.000489701553856901
643,0.009373847932453671,-0.0018115632210251205,-0.0011907052839554
644,0.09936956125482053,0.003657363645873278,0.007022270197504282
645,0.011343397133313388,-0.004722818407445532,-0.0023473534446355696
646,0.009792371550328558,-0.0029841847628152385,-0.0017439359072036287
647,0.049835100271317295,-0.0023744325662608296,-0.001744188604805311
648,0.033378699207229405,-3.813827809491418e-05,0.0002984461763982961
649,0.006731415474812713,-0.0037301681350017752,-0.0017376636493265226
650,0.022384108305802154,0.004769431095492527,0.0033354895399852363
651,0.024241701715063818,-0.002404423476790319,-0.0009922407102869967
652,0.013115262529045756,0.0012021821349974518,-0.00010899448763421433
653,0.017549074483432323,-0.00304549542673404,-0.0017450563849843624
654,0.00890414289476146,-0.004497975358073406,-0.004144990298926896
655,0.03475861315967764,0.0007104691169102516,0.000339157143980454
656,0.07017839007752513,-0.0012740867210240788,0.002827026647379142
657,0.010950722866532706,-0.0016681539942885297,-0.0010042331820427437
658,0.03347508255958144,0.0028387836252663505,0.0037270922326700516
659,0.04088023242699675,0.0007538327016417477,-0.0004901302796684555
660,0.013858000994880097,-0.0018543576988680397,-0.0014328671725861658
661,0.025098986598550956,-0.0030561243449674104,-0.0026320904448915335
662,0.012306256210432624,0.0023622873157567435,0.0016902427464613986
663,0.026761478450407734,0.002631090295368513,0.001230780218607504
664,0.027261367835720914,0.0006373608280907588,0.0011350928054187266
665,0.05202510706378646,-0.0005014610318610488,-0.0018857725725372361
666,0.012532756540274472,0.003111853906143869,0.0026249830537650293
667,0.007840434791785873,0.00031470349227077525,-6.906471042228665e-05
668,0.08918847842939764,0.0032989609996289084,0.007171478623633604
669,0.015603689877229892,-0.000149344910847024,0.001676546255265003
670,0.012015428487750448,0.00267724591009863,0.0034751564740231255
671,0.021210562643307243,0.0009372668685571145,0.0028774863840449064
672,0.013204276486014417,0.005031279084994576,0.003790537225234672
673,0.011178978822887934,-0.0014430067897705176,-0.0012979266199346895
674,0.04120105131731966,-0.0015440576306031569,2.1582246507225058e-05
675,0.05235130579747101,0.001876772517642622,0.0024720258734669313
676,0.015102951874466416,0.0040623375853274316,0.004144400911655403
677,0.030523975011224256,-0.0018006326456866382,-0.0015214976626886317
678,0.04338170086489734,0.0009802800489279628,0.0012670917159560487
679,0.010311416125920146,-0.00039695841558476104,0.0005893856241932981
680,0.05688232054884989,-0.002670841800607755,9.977260334929821e-05
681,0.004542808025474876,-0.0008390422498608848,0.0014500468751519656
682,0.022185495524897004,-0.0033388697397059844,-0.0039300369783794665
683,0.05797050090099409,0.0005162710498649278,0.0005489377154753946
684,0.016874183608212044,0.002708319394501348,0.00033338107794541043
685,0.010377641084429437,0.0006748272199681909,0.0005298463112973712
686,0.01880956034697364,0.004493632117116055,0.005822616793520751
687,0.035671901417315965,0.006273634629894321,0.005455011280195206
688,0.004918544710439742,-0.00326986396829327,-0.0036833534240495315
689,0.01631846206767792,0.007275380036582737,0.00415358203621429
690,0.010258700588887839,0.0008220678919680112,0.0010061231354101898
691,0.012688597059959008,-0.00047118843568459505,2.3896086668737884e-05
692,0.045851843241937494,-0.0008250208048130716,0.0003169296753811993
693,0.08831551637700846,0.00316472336629438,0.0013426237326266243
694,0.03866103539115385,0.0024253864567278086,0.0009964343374332097
695,0.035354277977892375,-0.002852905302157446,-0.003369089884651389
696,0.013461451839873038,0.0031646859192590976,0.0033639584830076675
697,0.02500507217787576,0.004661004446985474,0.00549172246304699
698,0.007175551336623369,-0.0017249705514221514,-0.0011559789164543868
699,0.018390470449348054,4.4294493397080774e-05,0.0011583983283383736
700,0.026202245899362958,0.00034313383286333675,-0.0002893088615519301
701,0.012337261539917004,0.000936920521144931,0.0007008459055681978
702,0.009325926827815554,-0.0016192160049057723,-0.00022552643425501233
703,0.007810022330486573,-0.0016169443940343563,-0.0017126423175061161
704,0.048054525509981606,0.0028221452588702294,0.0025772460897203484
705,0.007976163905979052,-0.003893287016574222,-0.001712856362103122
706,0.06723423273762594,-4.929459549447061e-06,0.0009621431949090738
707,0.013863095258562406,-0.0009525998243439049,-0.0002447247586128487
708,0.016868488973463804,-0.0003776476073590229,-0.0010554377565823016
709,0.04451157338269837,-0.0005386425293250563,-0.0020174891733720822
710,0.03771083593345497,-9.316960924870357e-05,0.0011139767441628663
711,0.006751084066187843,-0.003936235987670529,-0.0030174011541787577
712,0.014273562423710896,0.0025883482928833962,0.003135206030341373
713,0.005723158650309381,-0.0018650811513511135,-0.0018872977584257445
714,0.007993862875715678,-0.0028367196229492106,-0.0007512008241237564
715,0.004121738959383819,-0.004743095655044398,-0.002126256258236471
716,0.011564215451993097,-2.836833448100305e-05,0.000982913809846106
717,0.013838091970336624,0.0026798327583074243,0.0017101274400438415
718,0.016836421196639077,0.00202071828539201,0.00029035202097621015
719,0.048794335233575056,-0.002898966243159673,-0.003312130161689505
720,0.011319759123478575,0.0010256863924547382,0.0019260739444922786
721,0.007691297887233388,-0.0008013002505731898,-0.0002835514553956497
722,0.010168963528680314,0.0013679356841388535,0.00024203372808073682
723,0.00882827196267499,-0.0035206764913313865,-0.003029413179331931
724,0.018005321531982456,0.0016258805399813746,0.001947862488433742
725,0.03965291089880646,0.0008807625788062543,0.001449036006003735
726,0.029834587443846067,-0.002972103080104106,-0.0021532049638229617
727,0.018753220677213727,0.004891713080539892,0.004160876317908059
728,0.0544872878344306,-0.0011822994403017698,-0.0011216397222853385
729,0.009105506819432438,-0.002705789988155625,-0.0025366483935974917
730,0.040845960492189436,0.002782044353831373,0.002209097421111469
731,0.05008958056552009,-0.0028929965843726324,-0.00269616013831528
732,0.013930845957466331,0.0025492437561897437,0.002283717081966432
733,0.05836625888641085,-0.0010761418219791805,-0.0011220454773844396
734,0.009550392730885043,-0.002504631954568299,-0.0025440313559768673
735,0.022426109756762763,0.0011750514734566511,0.00104917624232857
736,0.07489446400850173,0.0007555472100473125,-0.001706205841013048
737,0.024991987839072725,0.0009372332906877849,0.0008296932323089743
738,0.00985560189688868,0.000864980987564017,0.0017864334435772255
739,0.018186788961227995,0.00047209755929916193,0.000559735638863441
740,0.01415188592428928,0.001019960494683979,0.001551987050843784
741,0.013901139251897985,0.0035209394222643175,0.00434618949538136
742,0.006090917218108458,-0.0032398591880516124,0.0006466684710596984
743,0.011164859840272781,0.0022028666526220336,0.003500893344856553
744,0.012067874113932854,-0.00048590289888612783,-0.0018613087179096804
745,0.021091250448433286,0.007673098091531008,0.007789866110675442
746,0.010436772681561773,-0.0018963840994620403,-0.0007456224795522355
747,0.02252702131890174,0.001159879998602906,0.0009678356476630726
748,0.010823379078230782,0.0007902422212526956,0.0015639731118163977
749,0.03734453458885416,0.0011791958744201208,0.0013756985148548975
750,0.03514891125095039,0.00107222187667088,0.0008733533358097356
751,0.011496554155651732,-0.001532977643591342,-0.00024566343131439736
752,0.005702450210345322,-0.00716606842138216,-0.0066642543958598905
753,0.00866487066303014,-0.003404897460769844,-0.0016355987302759402
754,0.036456747067047116,0.0020823747300481427,0.0008386101412557914
755,0.03697367012595024,0.003302270467017762,0.001657577849492392
756,0.013239015803583819,0.002960318161312388,0.0019809303155377644
757,0.012442049069015467,0.0010860329973308343,0.0014673796115334202
758,0.016147120851633737,0.0026777963703893985,0.0031451384525150775
759,0.023910183920667332,-0.0037799799820912275,-0.0037929415494984756
760,0.02036396926641589,0.004426395299362943,0.0042637264282012095
761,0.01901283131222522,-0.003787705324104482,-0.0019565518838078285
762,0.009226117079381382,-0.0036325715352892364,-0.0034505839757843905
763,0.019859296074984174,0.0029840882909272625,0.0050282482159281425
764,0.032497045873676224,0.0008746772429922908,0.0012985822509418486
765,0.02991997479053396,-0.0018385904865775046,-0.0014594379760181613
766,0.03364280818792316,-0.0022415444383238753,-0.002692284563072604
767,0.022098734536651666,-0.0026593400461269114,-0.0012397331109557323
768,0.017066153562643877,0.0018576756848291281,-0.0004203006839372055
769,0.039251522196805236,-0.0005728549660794715,-0.0008179817391200413
770,0.014162797141730623,0.00016300628874245184,0.0009097912342929546
771,0.006102182547647342,-0.0032539593271285285,-0.0010780076394044501
772,0.010991477962069366,-0.0012578326730159684,-0.0026290374712357495
773,0.021633494596180313,-0.0030904856983034012,-0.0038713615660547
774,0.022854281007922788,-0.0026317506541813996,-0.0005489351166743371
775,0.007977328549948218,-0.0003584482069241425,0.0001006092637937316
776,0.030065283753729622,-0.0005882425126117677,-0.0004308165697927815
777,0.010753944004144679,0.0028795280872568104,0.0031775364486197996
778,0.03267829789867684,-0.0012708766366511628,-0.0016511318105224013
779,0.025368477724417443,0.005603073802030722,0.005195557501286608
780,0.009963201311452502,0.0027106468522300415,0.0022240407781439543
781,0.016423607310115707,-0.004220811161002322,-0.00393620901448466
782,0.022184661225900022,-0.0005762274415729713,0.002313483183055405
783,0.04352349247379946,-9.340358821576778e-06,7.528243192938794e-05
784,0.04344694504208334,-0.001100783631935788,-0.0012452361252782928
785,0.030511248866825623,-0.0008790133155245904,-0.0002473832415944802
786,0.02213354489812608,0.0026824515452848886,0.0034797244770027927
787,0.014694370289897502,0.0018206290232758806,0.001829080789364584
788,0.025340695709664993,-0.0019069438098370463,-0.002674109568994826
789,0.010215904725732632,0.001392939085500481,0.002381392912612793
790,0.01659674925901552,-0.0008600962403051101,-0.0003864439358452741
791,0.013631856184804518,0.0031747164872760127,0.002932097608176942
792,0.05620531775129652,-0.00024044141093983445,-0.0001542920427309575
793,0.021662412271565547,0.009058404394915986,0.007498376062210276
794,0.042373354456459636,0.005509844101387441,0.0027266499407775035
795,0.031497664702863325,0.00548962970295123,0.004860809268886182
796,0.00719347569044855,-0.00289241921641968,-0.0020568751695721472
797,0.00876163927398927,-0.0008593601464731496,-0.001267958537009201
798,0.08039516814307023,0.002295573596337757,0.00268262065257757
799,0.030867231578530937,-0.0013809434152053932,-0.0012353908903185058
800,0.01787396032050375,0.000864587529286634,0.0013451684814015557
801,0.004956870871133499,-0.004497738298144996,-0.004676414633922247
802,0.08047232782236478,0.0015913107984582813,-0.001031717655340623
803,0.01110059544939691,-0.00021675045785823717,-0.0011449309488810963
804,0.0491182220639719,-0.002787816884768837,-9.025320131402391e-05
805,0.007081101350859827,-0.0020005367602931286,-0.0016661268501975304
806,0.024152351563489743,0.00046639534924371997,-0.00027468512098150464
807,0.015459473581670205,0.00026989685857974614,6.149341558588056e-05
808,0.0015545896363380522,-0.005140585689130071,-0.0048111278414515336
809,0.019311542587330234,0.0015312454555652018,0.0016455806524012908
810,0.010242553219661934,0.0023391145589320003,0.0012961958615363874
811,0.04706448486273307,0.002439706625396038,0.0013307375562558882
812,0.008181653493234584,0.0008260748663393557,0.000517641593188812
813,0.04802301481266806,-0.0016282385530701979,-0.00153316851704268
814,0.023519927072032785,-0.0006152423350992919,-0.0005792145453237232
815,0.0208665649392996,-0.00034279552822784126,-0.00011796771048089282
816,0.013051929837475232,0.0009471319597039477,0.0001772545766821038
817,0.0062212427234463585,-0.004027726025343263,-0.0042833637565844905
818,0.0067840901780525965,-0.0015251131772610906,-0.0012393579129411543
819,0.010110474328432251,-0.0052005587901465325,-0.00482066803737854
820,0.016318600763042937,-0.0027123224955603064,-0.0014878745544562493
821,0.009192845740456637,0.00015681831681553472,0.002107642196665707
822,0.03973325396894324,0.002648373371605595,0.0030751653231971625
823,0.03356027980010225,-0.0013103690571423686,-0.0006685438221095948
824,0.01129047213435743,0.0011957031580783664,0.0026795631123383967
825,0.035149977773733444,-0.001997945870035222,-0.002424369098242239
826,0.02555228554811248,0.005155516123170513,0.0055959687996579325
827,0.0069890957817904,-0.0018508684822041625,-0.0009595192817771198
828,0.03203818329354835,-0.0015972612975865793,-0.0020269349041275877
829,0.007698089307484144,-0.0017798707090454012,-0.0016641934715157685
830,0.02034704798351701,0.0039717177496980255,0.0012264811782948322
831,0.012377663289164127,0.0009061095481012819,-0.001339683425633477
832,0.016324933325268638,0.001093775281219407,0.0008403248656293921
833,0.03825901221592577,0.0005627642567596869,0.0011221929797732113
834,0.01393472907884755,-0.002157008874498185,-0.0014252856203469037
835,0.008843739623784097,-0.001996174724847034,-0.001974948150334819
836,0.012826189523783121,0.0004723819181917083,0.001366737847014371
837,0.04693970812399564,0.0003299049193243208,-0.0009517657196009413
838,0.003314787891423502,-0.0077051698391074515,-0.006523054753122032
839,0.015045489086433697,-0.0009098321941687088,0.0008132820303655551
840,0.0008747951029173224,-0.0013048731704676274,-0.0006588762603937196
841,0.017006696234639348,-0.00174956865523954,-0.0010687773186596043
842,0.02073758723415893,-0.002835965299997244,-0.0012675652723669458
843,0.015110450547270905,0.0020077451405459477,0.0022311032419858163
844,0.008201671425693545,5.058009298443526e-06,0.0009737668571925969
845,0.009663983645069273,0.0004786135505522508,0.00012967963809715446
846,0.011394301578950449,0.0004432070233322825,0.00017466421747384838
847,0.017163747085807656,-0.00013483274870923246,-0.0013540771360763288
848,0.021804653300554002,0.0019408010321212467,0.0008985634464413239
849,0.05775899404675856,0.0030291641124153158,0.005576530946404301
850,0.012964985261962148,0.006449031219229688,0.006666059441043138
851,0.06023242639804215,0.003428844748085672,0.0031513201613675174
852,0.018028777122342743,0.002504229881631417,0.0021015429239083067
853,0.010330456070595292,-0.0008696482595288405,-0.0012542962340611132
854,0.007700286267825164,-0.0032676073232215937,-0.003819173537974652
855,0.007659422505490924,-0.004609991505413261,-0.0025079032270966905
856,0.02072020723142883,-0.001853576500953787,-0.0010019911823407987
857,0.012653347106523279,0.0046230390686930415,0.005236816324854453
858,0.009806397306843583,0.00024192970869825678,-2.6068727541437623e-05
859,0.03913881829283319,0.00235729656493033,0.0024628567157186534
860,0.022735309008410497,0.000432826405387763,0.0013428751745446148
861,0.040270486153046174,-0.0005991873475868288,-0.0013888463434803956
862,0.04494232506743755,-0.001060964478886893,-0.0006974439612752623
863,0.02785277128406292,-0.00311792631110683,-0.0028521670079294636
864,0.018805463296650088,-0.002462755563312473,-0.0006744584264069136
865,0.01691382722260173,0.0012046695546539894,0.0009019125314386814
866,0.0159371124659149,0.006832693023841157,0.006356830743139762
867,0.01865444484243924,0.00045956204527961746,-0.00037628910144138305
868,0.0328093173334755,0.004422133414343692,0.004750952917590953
869,0.02323289739055858,0.008021713075817278,0.008722276868151786
870,0.014165163464681534,0.004129515770912653,0.004368132656941467
871,0.01816608453071623,0.0013631207843769878,0.0012112865578108136
872,0.025713542330406215,0.0004925900365726487,-0.00025278722158902743
873,0.012140908292239808,0.0005554802502921963,0.0013851552415934537
874,0.03180207949313434,0.0039641679293002585,0.0026642849483490922
875,0.006501472725277043,-0.004991600725525211,-0.0027853788298914553
876,0.026681986392537337,0.002882286038315448,0.002207289833154171
877,0.017165115946317325,-0.004898285906147673,-0.003526434781093419
878,0.03289612918432505,0.0033984850506425224,0.0013375233126626804
879,0.02773167294536202,-0.0005965399446502976,-0.00012055091768444553
880,0.01085496796104686,0.0007962975171099521,0.00021372665568558975
881,0.06757554790924121,0.002505698733777966,0.002150911107737223
882,0.004634812851202027,-0.003588679364688165,-6.283434045023963e-05
883,0.0272674520079259,-0.003814711275612204,-0.003243660971748984
884,0.01792973426157864,0.004081118852681113,0.0031622420864746603
885,0.02864399795324496,-0.0036323506836987746,-0.00377392811901558
886,0.01633517659234401,0.0030147293923323405,0.0021874930730042983
887,0.00349203604098812,-0.0035701650091975066,-0.0013738360545226594
888,0.01130615024013717,0.003373282122111592,0.0008877202262055629
889,0.0450372452953018,0.0007368676544653693,1.337372485376511e-05
890,0.025411162765478716,-0.0005871668927629576,0.00026309770363974576
891,0.0186156774662608,0.004733903531800823,0.0037821331312658563
892,0.00960080582979874,0.00035594241946894974,-0.0012486887731546596
893,0.014188156889529993,0.0016630384312115488,0.0017335325893229501
894,0.022445097841209155,-0.0016101951124154002,-0.0012496725536039308
895,0.02826300512024319,0.008620846309742696,0.007918752088603116
896,0.022075733997996522,-0.0002523508460639448,0.0012092287056607648
897,0.00666587535457699,-0.003946776986776554,-0.0030475050897076474
898,0.0032222595301349315,-0.005697531559549142,-0.0046947918466567415
899,0.023527711393381123,0.008014309915899078,0.0036166284396518637
900,0.016365255964223564,0.006158859321476751,0.0048615489679315295
901,0.04794383988089171,-0.0006474130203881622,-0.0002522764837341715
902,0.012804151600712433,0.0013995637534925604,0.0006303847337993653
903,0.013344365997044937,0.0010558952503684248,0.001168554892835556
904,0.007074039296590871,-0.005623930401292694,-0.003659237173346635
905,0.01806861985996875,0.001449696471584942,0.00011398344435793437
906,0.012386054203381907,0.0015540167452277492,0.00011246759662357465
907,0.013678414426901682,0.005955848941587666,0.006288029658199735
908,0.006634412897151219,-0.004311151264856752,-0.0032875142637004717
909,0.0304278124287187,-0.001086967297004361,8.018835312724032e-05
910,0.04045102958326885,-0.001927264546539951,-0.0009204379813616856
911,0.04979081733935325,0.006671444212396469,0.004815097986228366
912,0.05109976432990495,0.0012917379993974028,-0.0010827419181583182
913,0.0373377459179114,0.001702520736588782,0.0009113909308688926
914,0.04555849341199717,0.0010662213325246576,9.47719214855043e-05
915,0.027455613392824495,-0.0007674605680785759,0.0003353476107621912
916,0.007938866074730166,-0.0018456644857301253,-0.001363131119448314
917,0.04408584851917145,0.00405376492238704,0.004436624129157673
918,0.03370768581988404,0.0009352586694073482,-8.657601017623168e-05
919,0.0268987121309111,-0.0013014202356688034,-0.001001422566025377
920,0.015909676968373556,0.0002662607856509203,-0.0010361592150096757
921,0.012204963944834196,-0.0021683341240505893,-0.001076317511373568
922,0.00830003062705266,-3.634263674371733e-05,-4.4752157649407994e-05
923,0.007500800062117307,-0.001964441476263647,-0.0027804897711065897
924,0.008819552723915651,-0.001580629111099791,-0.0011120802664261287
925,0.08546154585217929,0.0023952232241058547,-0.0005501903498453125
926,0.017085075822953093,0.002140837886658726,0.002647166145286311
927,0.01004907513984149,-0.0006746697728699749,-0.0012416835166670836
928,0.005039749061866641,-0.0009139022403591214,-0.002471884235504765
929,0.031113400039869996,-2.2960679651501678e-05,-0.001200184724711726
930,0.018269779417306682,0.007169145984046329,0.005461706752835941
931,0.021024821833074348,0.001303357696538241,0.0017054138360799542
932,0.05359693680628678,0.002118799558625778,0.0007324953815171316
933,0.01945658336653248,-0.0025347156262416582,-0.0019381137205140135
934,0.021197722699797684,-0.0028486554290973773,-0.002993938413746097
935,0.02262825104946938,-0.005180015780313391,-0.004013878327370719
936,0.04242786096071544,-0.005247142018584938,-0.004057831142345768
937,0.015961009804807948,0.003872626142924537,0.0023632196968975923
938,0.014326641504479227,0.002821308808524261,0.0002712377690881348
939,0.06445542940728868,0.0022791527397983125,0.0010852330321447102
940,0.027118590670873903,0.0031082304918468215,0.0011024732592833965
941,0.04071826385541398,-0.0008853358890526874,-0.0002742469777198811
942,0.009969601345450706,4.5300937029870495e-06,-0.0008377416478767242
943,0.009740983059084623,0.003458655836804862,0.0018218276606055137
944,0.014831104028746824,-0.001070070913706228,-0.00028814961647349413
945,0.015531070281090076,0.0001294674234397684,-0.000555215084843542
946,0.016805168689247234,-0.0024466829567922495,-0.002157243113291156
947,0.017201567407330247,0.0027516256783233425,0.0028645989447362015
948,0.03240510487964033,-0.0027711905466464458,-0.003119615672420081
949,0.008522316437196968,-0.0013157436138813109,-0.0008433950568844362
950,0.05810666854565041,-0.0011035851092670483,-0.002186265599105423
951,0.021011159940756745,-0.00017195683250359448,0.002253908269392029
952,0.009776468012462715,0.0028255208351202787,0.002093131985503137
953,0.007517718494693433,-0.002822848351434985,-0.0037022569592762536
954,0.019580874964581444,0.0028138718954648628,0.0026392437100626197
955,0.012815687865906715,0.000251956754030397,-8.858935856857948e-05
956,0.03954604365462829,-0.001039007390580347,-5.5566958308427996e-05
957,0.019185327602304188,-0.0020470837501561177,-0.002790699286212144
958,0.061805331278609696,0.003913810124315262,0.002845300239385211
959,0.006871229220643939,-0.0037767910597490007,-0.002088818714188641
960,0.05912450856911945,-0.0021226023948937166,-0.00275478859713113
961,0.07716397073527555,-0.00033097256364468823,-2.5357074209958848e-05
962,0.012954125295577594,-0.00014267593857943172,-0.0016107104008532326
963,0.043562849459046295,-0.005221482399735275,-0.0055541467769923995
964,0.05313713739404894,0.0014019090595279802,0.005408169148666364
965,0.013288576579527967,-0.004893819348048759,-0.00378422655288026
966,0.019660694150028836,0.0008927417105803647,0.0018826021769544022
967,0.008773549060528886,-0.0046179991319103015,-0.0029587853157073364
968,0.006701334856697285,-0.004983999954581791,-0.00573889333087689
969,0.01106426840622363,-0.0025189352340766165,-0.0017173869509073633
970,0.008137716546438876,-0.0025074426767099957,0.0012434843079576262
971,0.008964417646228073,-0.0025594019404193958,-0.0014791680492664712
972,0.010576148734604258,0.0005579054782962892,0.00010420871077023613
973,0.031030727462815707,0.003277912558289223,0.004622362987282735
974,0.016558777514203475,-0.002395435644190468,-0.0023698352927563333
975,0.009311322803701352,-0.00045174735969579383,-0.0030153393273333177
976,0.017432631861544933,-0.001316383614329101,0.0003257420585544415
977,0.008203752609247222,0.0002539919433313374,-0.0005211273220484091
978,0.007129849128817946,-0.000999933605883808,-9.669007540882507e-05
979,0.018547005458113566,-0.005091776588279502,-0.004671209045499129
980,0.015242707904673863,0.004000846831920005,0.003261126905124057
981,0.008159286617154001,-0.0016730780505207162,-0.0014225640053226612
982,0.010796110919757296,0.0012502313287128832,0.0013747809039149849
983,0.037843894952718636,-0.0024893565168470537,-0.002003451795489962
984,0.0107274867264627,-0.0019160868217229985,-0.0025652799014461505
985,0.012186999145364457,-0.00046200347250780323,0.0008601703586908327
986,0.028965025053049164,-0.002560751837898759,-0.0035831570551480086
987,0.009228581929367104,-0.004217895062184363,-0.003283091658523764
988,0.013258855543641753,-0.0018363909770051931,-0.0010395048302557768
989,0.01679254455708739,-0.007680516434684479,-0.005111762994642677
990,0.054782242809244625,1.3240662358964463e-06,0.001116365666343031
991,0.0224680918128998,0.0010151883485436026,-0.0007718865314804286
992,0.009256030489167332,0.000776313803026454,-0.0006726542416209446
993,0.0070228224165018215,-0.0017644411387530874,-0.00040431129314877796
994,0.009716128975413482,-0.00015707363474839225,-0.0008421225713982622
995,0.04517017623579901,0.0025867690123636054,0.003986732360382418
996,0.00728168468860544,-0.003154451238685508,-0.0035423232785979867
997,0.048621064107104345,-0.0006831512428117982,-0.001141977983357643
998,0.014063558428520147,-0.0027019518140409923,-0.002999783106938527
999,0.06099121226530702,-0.001556500687160374,-0.0020131524752280403
