,hebb,hebb,hebb,hebb_smooth_rate,hebb_smooth_rate,hebb_smooth_rate,rate,rate,rate
,800,800,800,800,800,800,800,800,800
,tot_excit,tot_inhib,act_counts,tot_excit,tot_inhib,act_counts,tot_excit,tot_inhib,act_counts
0,5.164255657711545,6.5674636601596275,10,5.262651140625413,7.410033404424383,1,5.824492715500497,11.419913330593625,0
1,5.212838822100537,7.030988459127496,176,5.317135764891843,7.972802998789823,70,5.857050642909774,11.61221164680389,0
2,5.222574981483254,6.380710092750756,1,5.301044116149077,7.237287350603053,0,5.896889957221779,11.329900077871374,0
3,5.120326890664942,6.495256353827083,52,5.25709964948542,7.282656855442944,10,5.890616297721863,11.461298605974982,0
4,5.18030645070451,6.695480068078202,421,5.208383035124018,7.907484604401535,299,5.663552337817931,11.264348190821957,0
5,5.25947576447537,7.3651470985067515,0,5.344969416919507,8.349120865526952,0,6.1001525678132715,12.01927878354725,0
6,5.319049373586127,8.250096337592348,102,5.396640496051058,9.50411701329211,40,6.302806199865138,12.13944029300771,202
7,5.127518246968587,6.834675625165305,59,5.26913844426473,7.66469318707784,16,5.864640064239502,11.338352241516116,0
8,5.335787097613016,7.957616733180151,30,5.461648556921217,9.060774303144878,24,6.227532386779784,12.279040217399597,5
9,5.254173629585353,7.347541606289218,227,5.366175788572464,8.300491861913397,286,6.051198389338351,11.668484950887745,2
10,5.163211334042433,6.753943161266607,71,5.295768388887731,7.522802094133889,39,5.897168043183118,11.48550831399313,0
11,5.2851457595825195,7.441883897781372,122,5.359805881977081,8.407180300354959,59,6.0571959793567665,12.124842250347138,0
12,5.273103356361389,7.758058520203288,214,5.3636935813860465,9.00329959324815,124,6.014212602918798,12.209342057054693,33
13,5.249924756385184,7.125544567365905,71,5.317960397617237,8.167577761250575,10,6.034599433074127,11.762470361348745,0
14,5.1827874902176525,6.908110362209685,36,5.328799528618381,7.779974045002296,110,5.925186118034466,11.52474104215021,0
15,5.291157453938535,8.528539496032815,99,5.384318833602102,9.831980182034403,216,6.118299301047075,12.557412508914345,153
16,5.396576592416475,8.769580962983046,244,5.469797575112545,10.06725822750366,260,6.269805839567474,13.107882673090156,363
17,5.167953420041212,6.654647195517127,112,5.277931725800927,7.510374978407105,29,5.967989985622577,11.372052569887533,0
18,5.145460959636804,7.228253628268387,14,5.316850647781834,8.128855511997685,8,5.934424356980758,11.873737855391068,0
19,5.147525862038854,7.283476331147803,3,5.277056349329202,8.22488081742482,0,6.066285064421505,11.768477468605502,0
20,5.26687060531817,8.34494834667758,152,5.389427166236073,9.429188322079808,76,6.264002925471255,12.418623183902941,601
21,5.268949770665431,7.99279281267753,100,5.428967876748724,9.19767521763896,50,6.229978771000119,12.247697652041257,3
22,5.235111698508263,7.15446136444807,20,5.3391095250844955,7.986416036263109,3,5.939197209477425,11.656391644477845,0
23,5.261158596901667,7.681760707071849,161,5.2975430602119085,8.850693438734327,255,5.972036015419732,12.152706725256783,31
24,5.2741886377334595,7.7874629812108145,203,5.356524149576822,8.919728777474827,175,6.04381685786777,12.137647416856552,1
25,5.480919293735338,8.951736753401548,220,5.506835061570872,10.289178495821746,274,6.472511654314787,12.620657247045767,1663
26,5.258140456385728,7.7152535421092345,155,5.375849811042228,8.714644372463226,299,6.083851721228623,12.042865683392781,55
27,5.3793242161090555,8.164060701162386,17,5.5255652880057315,9.155650713504889,5,6.243244880285019,12.473821640014647,0
28,5.264808370106255,7.499280523897997,0,5.377379709215306,8.483369240120275,0,6.151999117723151,12.297304616045597,0
29,5.200085294115675,7.261420011520386,28,5.395282577682328,8.073516661649222,43,5.981437279627874,11.906681448548706,0
30,5.263932869352143,8.167880673518127,245,5.383525102988056,9.59418984117179,85,6.379724919110879,12.001813537773044,3181
31,5.433156873050489,8.297743791812344,19,5.460829257965088,9.416717853593198,4,6.267794282812821,12.406043127963416,0
32,5.361884694350392,8.45120316430142,85,5.418478609386243,9.696873166686611,62,6.323363625375848,12.533379760541415,374
33,5.199113576970203,7.65853779430085,248,5.271769211647358,9.105475416842927,41,5.9257242324504436,12.099972339386635,18
34,5.253474228198712,7.497030137135432,10,5.3251613543583804,8.480461428715632,4,5.9593808761009806,12.151011422964244,0
35,5.28005796357205,7.268438053758521,69,5.32468325213382,8.087367741685163,42,6.118780932928386,11.741262611589935,0
36,5.258133614935526,7.968034085704059,87,5.348986329101935,9.143176786783265,78,6.183019946261149,12.096523302357372,334
37,5.294618124249338,7.78309900596224,115,5.4036978688733335,8.70564689101844,240,6.038376424504422,12.022236599319282,133
38,5.171079713790143,6.307697513064401,0,5.238091234300957,7.1034158136023855,0,5.869652904447962,11.229571561344335,0
39,5.2392525429628325,7.354259396085933,164,5.302219877437669,8.586559181918902,150,5.957690024862483,11.589073268734676,0
40,5.227881182157077,6.63265962600708,0,5.331717109680175,7.453073182472816,0,5.909392268841084,11.438661061800442,0
41,5.223405554674674,6.851716126220813,43,5.297357130741727,7.733539570932804,10,5.977669093919838,11.932122769563094,0
42,5.296381796462626,7.896716646001309,148,5.457518668114384,8.909086852134028,182,6.300182861617849,12.312225221078606,9
43,5.1506380551978,6.3989887524254705,101,5.230490539647356,7.105768820907496,179,5.8102346915232985,11.267574781103978,0
44,5.277127553890278,7.353626747022976,7,5.3747468025653395,8.317845675078306,0,6.151179137167993,12.153049865326324,0
45,5.33361602175063,7.573457782683166,2,5.419878392979719,8.477146584054697,1,6.142861628877943,12.154879708220992,0
46,5.342668792179652,7.537015266077859,7,5.429339442934309,8.555336017268043,3,6.1325583730425155,12.065232113429477,0
47,5.298348877165052,7.484870980551213,83,5.373788636407735,8.636497207997758,6,6.12270505340011,12.027501041506543,0
48,5.224959393909999,6.981911270107542,0,5.319845179149082,7.866156776249409,0,5.914371527944292,11.52802494594029,0
49,5.306147383220161,7.014776885509491,6,5.3926620625737876,7.856450529240851,0,5.9424886988170105,11.822081224242252,0
50,5.3753006507953005,8.844748431195814,167,5.47752945125103,10.04087636868159,302,6.32613485554854,12.965797116359074,1773
51,5.281356767676343,6.970597642591629,83,5.372797193198369,7.956542650173451,32,6.00080138787456,11.612846182680677,0
52,5.363196562571698,7.891789819820818,52,5.437557835176767,8.865527675812503,72,6.315997319049146,12.129075245684888,0
53,5.273768712173809,7.445701949975708,54,5.369115428491073,8.411000819368796,27,6.004937209866264,11.94744847579436,0
54,5.29804803585184,8.070535942483907,81,5.476904014061237,9.136086602234977,28,6.386035623221562,12.25532370600207,2
55,5.247043780982494,7.21483357809484,0,5.338642053306103,8.155501265078783,0,5.946152478456497,11.84265847504139,0
56,5.140513376185767,6.568502641037891,7,5.288545696358931,7.324316344763103,0,5.885047272631997,11.511338654317353,0
57,5.208238499074042,7.4410548587388625,134,5.351031381872636,8.350993304312983,55,6.002981083302558,11.7466171783737,0
58,5.442052408854167,8.36524974822998,42,5.520814139048259,9.356685597101848,15,6.304120953877767,12.631044921875,0
59,5.220424721206443,7.238866826762324,50,5.30232688655024,8.284672118615413,20,5.979117241458615,11.783481445865355,0
60,5.475478073985307,10.001138725231604,257,5.539986177818062,11.705725392115484,280,6.428081202752811,14.46574054796671,1835
61,5.100223957737789,6.299500002891202,297,5.213718239265152,7.314269141305851,84,5.70238736913174,11.227011728890332,0
62,5.306703526296733,7.598040432841689,191,5.398401825516312,8.555965610492375,161,6.1288027174678845,11.96665288195198,0
63,5.365706032514573,7.634645083546639,302,5.379488545656204,8.810885295271873,308,6.17803921699524,12.120424699783326,2
64,5.24464404015314,6.943120439847309,50,5.322613426617213,7.73097539728596,4,6.0219280152093795,11.704321463902788,0
65,5.223591824372609,7.007483730713526,10,5.313153929180569,7.994689371850756,0,5.96004182100296,11.748135361406538,0
66,5.181087661796893,6.310750483627051,44,5.238175425730961,7.0573390042278135,12,5.832346076696692,11.541452528725207,0
67,5.348277234319431,8.538767650945864,36,5.391050779997412,9.722241446153442,35,6.200090209049965,12.60679091268511,6
68,5.25471226922397,7.3690619006239135,107,5.330644037531711,8.386602363881023,31,6.0325343499238455,11.979606442067816,0
69,5.286531179766111,8.439882857324202,52,5.460641761369343,9.458150424346139,298,6.265986810756635,12.569415575341333,85
70,5.272874000910166,7.475657374472231,8,5.412100411750175,8.463895047033157,0,6.150137424468994,12.191373142036234,0
71,5.36802548585936,8.160656105640324,334,5.402721593546313,9.32483240061028,397,6.010815531708474,12.224919346875923,40
72,5.243700278841931,7.886388352383738,90,5.3663187700769175,9.061415773370992,115,6.017430559448574,11.918172784473587,14
73,5.2400125997612275,7.683936096099487,14,5.361867324415461,8.425576452749322,45,5.890753085354725,12.08198929982013,1
74,5.304636096954345,7.37814326286316,0,5.381773735926702,8.322308052503146,0,6.112395271888147,11.817612530634953,0
75,5.290902111981367,7.568227709950628,253,5.317876918895824,8.551453583949321,55,6.152504366797371,12.225284344441182,0
76,5.245502887628017,7.454074442386627,186,5.32766389235472,8.340072576816265,299,6.001113567596827,11.546150085253593,12
77,5.300825713556024,9.02194695910321,185,5.429453010800518,10.483174835579305,193,6.468530310860163,12.654486752763578,2819
78,5.39661387275247,7.9420912532245405,104,5.394476800806382,9.008561263364903,54,6.157704409431009,12.228212491203756,0
79,5.46272004793768,8.614411835801112,129,5.5102310768545495,9.819165435555863,18,6.324258902301526,12.600575211929948,12
80,5.422117400479007,8.126833005384967,138,5.473174039419596,9.206304122875263,21,6.37717613616547,12.248012901900651,15
81,5.253256330586444,7.918977293101223,125,5.400859288494997,8.878288092035238,437,6.014604823757904,12.193345146949845,174
82,5.427340781435053,9.096933017385766,46,5.4831199696723445,10.01964303026808,133,6.400161301836055,12.569434262336568,746
83,5.357240130261677,8.446692821456164,190,5.540805293292534,9.59857588134161,104,6.213960484760563,12.706621774813026,7
84,5.214657987867083,7.378976920803826,270,5.3461415741469835,8.461507188749838,298,6.029733663076883,11.74437602535709,7
85,5.281173610687256,7.899710579479443,211,5.317974999371696,8.98485305589788,95,6.220604616052963,12.432106668808881,70
86,5.190179403011615,6.829020656072176,20,5.282258357757177,7.69605616117135,17,5.903884899921906,11.755469884627903,0
87,5.104374904381602,6.567463277201903,96,5.25721021702415,7.245749381027723,159,5.806986426052294,11.219684814151965,0
88,5.17250065060405,7.741579651445539,62,5.31065025267663,8.65193555533112,210,5.998139164664529,12.049560348708908,57
89,5.2798343279275555,7.780125116727439,149,5.326551845274777,8.895735923066198,90,6.22096711468984,11.912242349371853,7
90,5.418619385013333,8.197735043315145,50,5.497638912944051,9.199445227523903,21,6.335727586374655,12.522020439048866,0
91,5.223391642053444,7.252833658672241,60,5.31552042156817,8.106969459947333,15,5.998426460358035,11.844609588025566,0
92,5.228028904824031,6.946235931345394,51,5.366682705425081,7.8689882308244705,12,5.937335042726426,11.739400352750504,0
93,5.326043012979868,7.4379201559601595,4,5.4294530572117985,8.390965976022386,1,6.0318578062830746,12.092786479640653,0
94,5.245877839516902,7.100248367890067,1,5.3180672811425245,8.078479590623274,0,6.092425989068073,11.626057389853658,0
95,5.222868000168398,7.490162724471954,157,5.3485103228006015,8.55610622339938,348,5.967152486364526,11.826750146337304,13
96,5.055601911667066,6.117920640951548,16,5.233921955793332,6.791598919874582,20,5.768883925217849,11.409099322098951,0
97,5.248041401446706,7.302873627400734,54,5.2937783254704005,8.258985978616796,12,5.987527565217354,12.020950102470291,0
98,5.265942211610725,7.552149155771877,114,5.39889701015978,8.497288625642478,45,6.074902207018382,12.141643030097686,0
99,5.249836226304372,7.176446470121541,50,5.383008281389872,7.968529147406419,23,6.069326281547546,11.989224414030708,0
100,5.275625449354932,7.554277131374005,73,5.3488826495344926,8.624147660694817,26,6.167200052610009,12.266728216601956,0
101,5.3726569731024245,7.955298853825919,144,5.441655134852928,9.037291013741795,94,6.257071434697019,12.094748756553553,129
102,5.157846881055284,7.03367010683849,303,5.266711673517337,8.032042106677746,272,5.888507437431949,11.664711261617725,1
103,5.223871984599549,7.147464413701751,70,5.341700259550118,8.037546853960295,16,6.023444888032513,11.72188385622001,0
104,5.317171958776621,7.781528942095927,67,5.37787204522353,8.766425519417492,31,6.117522655389248,11.906559112744452,0
105,5.313770283593072,8.401350637276966,54,5.382799381679958,9.49501272837321,181,6.151050869623821,12.623169072469075,79
106,5.176263848940531,7.12394824776894,61,5.281763131801898,8.022404495722208,26,6.106801234758818,11.757447945765959,0
107,5.320228237372178,8.044106210653599,39,5.42171889085036,8.99895902016224,218,6.11769840044853,12.418281897520407,0
108,5.344503473728261,8.467837373626994,192,5.473933265564289,9.680470599773084,253,6.37132617767821,12.426198868041343,2210
109,5.25455991319708,8.153833169389415,95,5.33532659749727,9.216575185189377,178,6.110366885726517,12.433132081418425,40
110,5.395073213360526,8.346351631663062,124,5.458026755939831,9.214347046207298,139,6.215602148662914,12.653668609532442,101
111,5.172116023948393,6.871500569653799,51,5.305168381656509,7.599595244390419,81,5.97450956666326,11.638983249664307,0
112,5.305144325892131,8.168174563513862,110,5.41290151807997,9.358792934152815,61,6.039839765760634,12.6117015308804,20
113,5.278813099861145,7.194482883065939,199,5.37713535130024,8.223545487225055,143,5.914940005540847,11.853995847702027,0
114,5.356983816900918,7.930784912996513,84,5.443653683329737,8.972481670767761,17,6.221097075661947,12.481187920237698,0
115,5.348284278975592,8.625309550099903,109,5.396751658121744,9.772537634107803,153,6.102610402637058,13.040052594078912,43
116,5.299148580966851,8.386246707959053,31,5.419328732368274,9.422124239878777,18,6.283388975339058,12.446902696902935,2
117,5.217865056302174,7.627953797040217,114,5.321391039584057,8.548310904528003,63,6.2272775891315515,11.685297081269415,25
118,5.293210444512305,7.397675495643121,126,5.314087205118947,8.342409683512404,122,5.951232600521733,11.868685103082038,2
119,5.351949860409992,8.58373110032663,129,5.469580813152035,9.786522139863271,231,6.288092869084056,12.24557395097686,194
120,5.279162277894861,7.865385250484241,20,5.374969005584717,8.787168622016907,29,6.323401748432832,12.171246046178481,0
121,5.221025184581154,6.636916830351478,39,5.2409965239073095,7.4950144008586275,0,5.8367095997459,11.627323263569881,0
122,5.275433546966975,7.533523604273795,103,5.395178841220007,8.495419012175665,162,6.05499509970347,11.960694074630736,0
123,5.1604224386669335,6.547201553980509,12,5.224933752937922,7.399136225382486,0,5.735529846615261,11.47940016549731,0
124,5.40552232905132,8.337450392362548,147,5.4628660737014405,9.521370623896761,111,6.226282300018683,12.419876732477329,50
125,5.189572691917419,6.934397459030152,65,5.30782430768013,7.726494343578816,27,5.920226329565049,11.558853924274445,0
126,5.331911609286353,7.603250981796355,26,5.351048929350716,8.487743234350567,8,6.057528932889301,12.007577873411632,0
127,5.243401980694429,7.404893096582389,84,5.374948695853904,8.364357773168587,73,6.07970521479477,12.143273530183015,0
128,5.216019511222839,7.218531784851377,143,5.35185426909749,8.08899881999667,115,5.982421592968266,11.755053264338796,0
129,5.249518271330949,7.9875654227786015,93,5.375667291683156,9.049700162240438,263,6.135705088521099,12.074690404829088,0
130,5.1690831117227045,6.6741490078644015,15,5.220238719187992,7.452514495648128,0,5.797003746032715,11.680995000919825,0
131,5.30464820964362,8.112432782367994,145,5.375568830838768,9.681599514458771,60,6.14926766323787,12.252961045952254,92
132,5.18524753582942,7.0777886347337216,83,5.318212930258219,8.074705109193728,94,5.973026226093244,11.905689809229468,0
133,5.301265292697483,8.169095091025035,179,5.485143497255113,9.235198462009429,149,6.062369651264614,12.151007567511666,8
134,5.360048690474177,8.31816250444895,178,5.405157882046987,9.528725838086691,398,6.175348505916366,12.676583364785436,1381
135,5.3000855329560075,8.108550782610731,54,5.45076084136963,9.080175473922637,14,6.1023308242239604,12.216369512604505,0
136,5.178724314855493,7.328543451817139,112,5.271331030389537,8.454896360635756,141,6.087079426516658,11.789379415304765,44
137,5.2606814372830275,7.899171144497103,96,5.409514229472091,8.949432903673591,110,6.186712590659537,12.197361434378276,5
138,5.349711894989014,8.017022065073252,153,5.3996070384979244,9.175802840292455,69,6.096725308895112,12.29969656467438,5
139,5.263578847397206,7.638782919839371,137,5.348211277362912,8.640902447146038,153,6.134083431820536,11.942816490350767,0
140,5.323601356772488,7.961732278036516,60,5.425659451373788,8.937129320100297,32,6.228903232618819,12.394233947576478,1
141,5.246945247650146,7.202227482795716,0,5.32179266611735,8.092447028160095,0,6.072879810333252,11.938074137369792,0
142,5.331277969721202,7.928774954499425,3,5.370706352027687,8.877354948101818,0,6.252952595014831,12.19668278823028,0
143,5.128581633438936,6.360188945725159,0,5.2453211384850595,7.129501966205804,0,5.808320896045581,11.415436358065218,0
144,5.246460008621216,7.836956347410496,10,5.40002266076895,8.828811336251405,2,6.054903830014743,12.114525618919961,0
145,5.253651444117228,7.297644997967614,105,5.325661685731676,8.288389533095891,64,5.954478406906128,11.619579219818117,14
146,5.265730498712275,7.72356015217455,69,5.363912609559071,8.69109794007072,25,6.1452676374701,12.195366110982771,0
147,5.252716615602568,7.484262389022034,79,5.389820358969949,8.441048727407084,77,5.976661291989414,11.953693885307809,0
148,5.157341467706781,6.398783992779881,30,5.25587583215613,7.232217860065009,8,5.808248544994154,11.399724539957546,0
149,5.101227191090584,6.707904544100166,49,5.193710166215897,7.502162487432361,121,5.774733370542527,11.194928777217868,0
150,5.3690731112162275,8.148700505892437,123,5.4808220799764,9.258855557441713,24,6.38090737660726,12.526496569315594,0
151,5.3219966948786865,7.39271894738644,92,5.392910637433015,8.327016404912442,11,6.01314320141756,11.94579434696632,0
152,5.385255225293049,8.39810027394976,341,5.477579581273067,9.567115285179831,306,6.3353925308623875,12.97762833632432,105
153,5.462689697742462,8.729533054611899,116,5.5111423622478135,9.674408024007624,93,6.369897972453724,12.883967128666965,40
154,5.269507467746735,7.815889610421089,48,5.423384643736339,8.8652696815275,27,6.186034492083959,12.236936750866118,6
155,5.243490591281798,7.277946740025427,203,5.292507389696633,8.366167403939293,319,5.981918721664243,11.890526678504013,1
156,5.313629007887566,7.998408498435185,207,5.403931606775043,9.219088380364166,132,6.154273921045764,12.314362668443,154
157,5.323939728736877,7.632753665745259,102,5.494625693559647,8.476603505015373,74,6.107998460531236,12.128175628185273,0
158,5.1554346084594735,7.478339716952335,242,5.270572572626094,8.410912385230425,301,6.093251505205709,11.722637940478581,172
159,5.188126192373388,6.811286262729589,78,5.265351646086748,7.587770682923935,125,5.871845911530887,11.66741974213544,0
160,5.266473844244674,7.893885369236404,45,5.354757163975691,8.854370540863759,47,6.165601933324659,12.316929514343673,68
161,5.190392370347854,7.251297175110161,58,5.349292148243297,8.084357100647766,139,6.001850629781748,11.685141513874004,0
162,5.196008379642779,7.268227713230329,98,5.259028202448136,8.0658669788868,134,5.97504539673145,11.712385159272413,0
163,5.241951499666486,7.766197869972306,148,5.308016305067101,8.965607015454038,43,6.060593809400286,12.14659686964385,4
164,5.254180025268387,8.156232431694702,227,5.399723642475003,9.457686265091318,110,6.24883082148793,12.196199343754696,58
165,5.268418481905165,7.304381885757185,13,5.353908022789105,8.214109457927208,14,5.9731440642108655,11.882562807161513,0
166,5.355100132698237,8.099004687957986,339,5.445085991260616,9.182618537614513,295,6.1967923142189205,12.623989116313846,19
167,5.250974948147693,8.096354216696268,95,5.359037686543292,9.141113539058042,158,6.227255275450558,12.430281765489696,31
168,5.279995663525306,7.22843776826989,1,5.414634136304463,8.106442100381198,1,6.013986718164731,11.92910197009779,0
169,5.305574271258186,7.965134205537684,191,5.4179894896114575,9.23181063708137,85,6.257597564248477,11.972337745217716,2128
170,5.163182582610692,6.572877015822973,98,5.20288801804567,7.418538617782104,62,5.843357397959782,11.494986405739418,0
171,5.3353617051068465,8.289385003903334,93,5.375807212380802,9.448119688034058,66,6.161319581200095,12.291865090762867,212
172,5.265064125475677,7.81355242755102,457,5.338180858155956,9.313204532084256,88,6.12818197582079,12.129811245462168,62
173,5.148894384309843,6.725290546169529,30,5.23615955377554,7.575535014852301,1,5.815333595523587,11.600376395436077,0
174,5.263694507234237,7.83631483596914,19,5.378040460979237,8.786044928080894,5,6.089431878398447,12.213325837079218,0
175,5.166058149093237,6.78129601631409,314,5.255972544352213,7.712811807027229,201,5.83617939093174,11.585619076704367,0
176,5.186530950168768,7.453039007261395,183,5.284689622620741,8.488336304823557,298,6.157361487547556,11.871889367699623,90
177,5.437877594739541,8.665687689150888,123,5.505883863602562,9.832443607264553,93,6.343536903118265,12.957796590081577,206
178,5.311422913573509,8.011904943821042,194,5.406439459601114,9.263350156850592,166,6.0407806939856945,12.146771065024442,493
179,5.206925534582758,7.278803773514637,31,5.2836959764554905,8.133028434468555,10,5.9261533130298965,11.888117047099325,0
180,5.294878930930632,7.824651547943254,61,5.349776819527868,8.860701194010586,61,6.192270910883525,12.329885115106421,0
181,5.173036785352798,7.190026644085133,14,5.298881635779425,8.027196296623774,13,6.016381499313172,12.05304663521903,0
182,5.361409698662005,7.64244120097474,19,5.4210269043320105,8.596485260677964,13,6.262535747728849,12.188477403239201,0
183,5.229640520071682,6.957482599004914,16,5.371560863301724,7.85113572018056,6,5.936807898026478,11.757668483106396,0
184,5.267151529648725,7.785647999539094,57,5.409406235638787,8.668973175217126,25,6.271035817090203,11.995782852172852,2
185,5.2649017708211,7.5587061371984365,114,5.405379850653153,8.644430676593057,15,6.1033186369304415,12.094957798342161,0
186,5.28725069987623,8.098461839217174,66,5.430493077145346,9.19407407694225,78,6.3196676411206205,12.350009658668615,0
187,5.203982920873733,7.596631927149636,108,5.24520772979373,8.586205337728773,125,5.958920433407737,11.88698284966605,4
188,5.281863342631947,8.347029534253208,209,5.420744493410185,9.52323279907177,341,6.096754680980336,12.501356830844632,36
189,5.322355205362493,7.769293672852703,119,5.457466119295591,8.79420344009028,111,6.037851915731059,12.39531167761072,0
190,5.302192500659397,7.447823430455866,168,5.412336335295723,8.29688087105751,146,6.001425720396496,11.90654110908508,0
191,5.3332929982767485,8.521927073404386,145,5.446534608865715,9.668504337985794,150,6.569249673323198,12.353235009428744,4429
192,5.306872385304148,7.518281571748781,126,5.41075705900425,8.459201655736784,193,6.038070143722907,12.048517483036694,0
193,5.249652711968673,7.271548609200276,65,5.276273043532121,8.185429671093036,31,6.125733726903012,11.854149429421675,0
194,5.266601030216661,7.923676867817724,328,5.419191465821377,9.066202330034834,473,6.186178168585134,12.62108086430749,219
195,5.240873531861739,7.403491693915743,2,5.400551116827764,8.242582010500358,0,6.018603989572236,11.84235210129709,0
196,5.346919600556536,8.224619515058471,62,5.45119423401065,9.22924103242595,16,6.324200705784123,12.392768092271758,0
197,5.341888826626999,8.332117888789913,178,5.477223850213566,9.454525223145119,144,6.205879110556383,12.84500763966487,3
198,5.211771016425274,7.6529209258708555,238,5.281049677666197,8.698927755051471,270,6.080980453085392,11.884512962178981,45
199,5.3872977997883265,7.6325041558369096,85,5.436982893082034,8.586803786725884,65,6.261009348444192,12.039504717631512,0
200,5.28947445508596,7.709939338065483,67,5.382841361535562,8.623891670961639,134,6.141789365459133,12.046240600379738,0
201,5.270584804255788,7.280454096270771,48,5.382758884895139,8.210518243836194,8,6.0286915127824,11.856779773060868,0
202,5.302894851740669,7.6299052764387705,29,5.396105513853185,8.569164227036868,33,6.249467919854556,12.04121276911567,0
203,5.301020852054458,7.850982673555973,120,5.399759229407254,8.867879893765394,204,6.12061426438481,12.235004287168206,31
204,5.113120040228201,6.890516231919444,211,5.241391470265943,7.71383041212725,313,6.020160708316536,11.376591909763423,51
205,5.271013354077751,7.576258161921559,55,5.373526773335021,8.459801797513608,91,6.126629570384084,11.966114397402162,1
206,5.261927052548057,7.1716900052208645,24,5.370377910764594,8.079525389953664,30,6.030744194984436,11.726925460915815,0
207,5.413948225252557,8.598399460315704,21,5.537631887378114,9.636308314222278,3,6.334856409015078,12.737338008302633,0
208,5.340489714333181,8.044329850861196,112,5.407979182982713,9.01486300886347,52,6.247571071881927,12.305407197287913,2
209,5.138848317464193,6.763658274014792,154,5.193242594401042,7.668751152356466,55,5.821742808024089,11.659080492655438,0
210,5.183328379284252,7.3004559630697425,25,5.303288748770049,8.338225720055174,7,5.935405467495774,11.891939379952172,0
211,5.245511331865865,8.134324801865446,243,5.344040914248395,9.272589693146369,278,6.136291019378171,12.294786514774447,417
212,5.1182873249053955,6.686259569724399,0,5.235157791773478,7.465192997455597,0,5.829165808359782,11.314261611302692,0
213,5.166161880260561,7.582281358358336,69,5.271677802248699,8.591149632523699,364,6.106276430734773,11.579323838396771,144
214,5.010587559805976,5.717541644970575,0,5.107797463734945,6.454943627119064,0,5.617077677338211,10.973172682302968,0
215,5.374127931232693,8.517103161992907,27,5.467916301534146,9.527254489403736,93,6.208948654464529,12.65882641756082,7
216,5.309503596169607,8.102520780903953,0,5.398567533493042,9.159521063736506,0,6.202905818394252,12.309108870370048,0
217,5.427399662407963,9.338347207416188,180,5.550039361823688,10.819377486001361,93,6.250046567483382,13.753087379715662,273
218,5.211160278868401,7.209057672955524,113,5.294482444894724,8.222102252916358,196,5.882564977667798,11.635350134180879,1
219,5.304134105114226,7.934765078919999,235,5.349817783274549,9.326685890238336,403,6.223526066922126,12.011848779434853,425
220,5.240124404430389,7.852409289641815,89,5.333650063384663,9.008902167732066,102,6.192968211390756,11.941301242871717,274
221,5.275729029074959,7.758757951466933,264,5.348482292631399,9.040811834128005,361,6.047976846280305,11.895427304765454,168
222,5.377062449735753,8.276448238597197,126,5.486925590739531,9.415771551693187,194,6.470354147518382,12.351639859816608,118
223,5.415969092671464,7.836534126502711,185,5.467376650833502,8.789320855605894,184,6.0419810050871305,12.384829858454264,6
224,5.312150841667538,7.855386017333894,235,5.422805564744132,8.90331521772203,139,6.097804341997418,12.094065143948509,0
225,5.312478394121738,8.094358639137166,39,5.454147786707492,9.14246854347152,4,6.267248437211321,12.473756828823607,0
226,5.2419319730816465,7.257930488523209,22,5.321280558904013,8.222078143872999,3,6.033639759728403,11.789664990974195,0
227,5.430340204238892,9.833043934702873,40,5.469967408180237,11.305892186164856,93,6.32149670124054,13.762669029235841,1704
228,5.384124976832693,8.138352093173236,77,5.45092751921677,9.16851077283301,32,6.187416518606791,12.195615995221022,0
229,5.3341001763063325,7.607061031986685,0,5.414373678319595,8.54733463771203,0,6.068111721207114,12.168131842332727,0
230,5.476589234148871,8.212774292367403,0,5.565594415195653,9.264552206289574,0,6.353996175234435,12.394340108652585,0
231,5.2806173131821,8.011992053782686,64,5.390345629225386,8.918172738653547,65,6.173841468831325,12.177722727998775,2
232,5.218865611336448,7.240306441756813,213,5.297302265058864,8.423554659905758,108,5.960486504164609,11.99049379608848,0
233,5.254220653663982,7.469200669364496,237,5.412969372489235,8.320644407109782,280,6.007773648608815,12.028852516954595,1
234,5.283553006913928,8.28843201663759,125,5.422351519266765,9.39506259361903,420,6.127289125654432,12.267074945237901,239
235,5.223085191151867,7.019974624049173,58,5.332132195773189,7.76678669371017,151,5.910493138718278,11.679830864684222,0
236,5.333223185888151,7.671825153071707,89,5.42126114193986,8.686962585623673,43,6.112010717391968,12.206648582365455,0
237,5.300615134062591,7.431848302299593,166,5.396656666272952,8.452769890243623,94,6.062819127683286,12.1449958777722,0
238,5.228961996836205,7.019928677441323,2,5.2741592616251065,7.905595772886929,1,6.131410415858438,11.785608918699499,0
239,5.275061301695995,7.25597250308746,40,5.3542955960982885,8.182289849489162,3,6.0530802836784945,11.665709593357182,0
240,5.191377179189162,7.217775493860245,178,5.2697015242143115,8.413441335613077,222,6.01146108453924,11.677177331664346,13
241,5.114640604617984,6.820059582244518,104,5.266013142674469,7.777424767959949,61,5.981422363325606,11.441765585611032,0
242,5.210498544234264,7.863207759736459,224,5.332980650889723,8.864921684506573,297,5.934152645400808,12.18330869795401,72
243,5.349885234585057,7.682356071162534,119,5.454599275217428,8.614925099657729,127,6.151526395376626,12.414389684602813,0
244,5.360226827859879,8.808882056176664,198,5.416905218362809,10.192119599878788,120,6.3337157547473915,12.78133910894394,277
245,5.4280143926541005,9.040105535338324,182,5.513225669662158,10.110992753257353,453,6.400429973999659,13.371126254399616,88
246,5.298475707832136,7.619258573572886,9,5.38669542889846,8.713260959245655,0,6.120447240377727,11.975457229112322,0
247,5.1678649357387005,6.852409198686674,85,5.317421851220069,7.610518906023596,47,5.940790944285208,11.61951475019579,0
248,5.225473308563233,7.422305391385005,23,5.3251689910888675,8.327720755797166,21,6.141240009894737,11.973869690528284,0
249,5.230018628610148,7.134693318122141,9,5.253167468148309,8.132150530815125,0,6.042824120134921,11.81781410526585,0
250,5.2109578360973945,7.803047756074181,154,5.367895045750577,8.864586396956108,175,6.172685012011462,12.264770937637543,0
251,5.345688976347446,8.811432427416246,222,5.457524562875429,10.220245570565263,530,6.196267555157344,13.563716153303783,391
252,5.325907055335708,7.672815140289596,202,5.401079787483699,8.65956755680374,215,6.251298192181165,12.163761633860913,0
253,5.209401101600833,7.438349511565232,249,5.31531683991595,8.304326553170274,335,6.062683983546932,11.667614529772504,6
254,5.268931498472718,7.962759550275473,325,5.385981406288586,9.092359374994519,181,6.090893038387956,12.236825383942701,16
255,5.2852687783293675,8.48238990857051,116,5.354791835114197,9.898123132003533,64,6.187767861963629,12.395222160842394,834
256,5.370940117896358,8.032393452487415,93,5.50688102577306,9.13484163827534,18,6.4239379544801345,12.186058599737626,0
257,5.309237028690093,7.858293984798675,208,5.4208767693093485,9.188567165998702,112,6.057850715961862,12.243575278748857,2
258,5.351612458746118,7.7061761351953075,78,5.41104191469859,8.851222619952926,25,6.070629309458905,12.219035504812219,0
259,5.179492427243127,6.211044052615761,133,5.237837208641899,6.867699651461509,126,5.69421907597118,11.072296288278368,0
260,5.382635374069213,8.662790298461914,56,5.481478643417359,9.845038806597394,1,6.443676687876384,13.015019454956056,3
261,5.294186682640751,8.273006422610223,213,5.39092464688458,9.35190227363683,146,6.2772756950764705,12.37145259712316,237
262,5.251014988596847,7.697769237727655,137,5.3092852743660535,8.888095237859865,99,6.149835237642614,12.066338515863187,4
263,5.344045808440761,7.7569843436542305,82,5.415677754502546,8.771818692746916,10,6.233811045947826,12.323937924284683,2
264,5.342856708779392,7.9757076185869895,86,5.468163639666086,8.859711589942496,180,6.196734322122781,12.324488364070294,18
265,5.311701532723247,8.356162193892658,113,5.436194330021955,9.418496473975804,57,6.347018532131029,12.425862713136537,19
266,5.363455301920573,7.649899412790934,2,5.4637184270222985,8.7667923895518,0,6.159600811004639,12.223090426127117,0
267,5.224804677461322,7.263705542213038,344,5.263899458082099,8.417522399049057,175,5.8755559105622135,11.636895819714194,9
268,5.250832068920136,7.289363588392734,178,5.3340649008750916,8.317770087718964,55,6.074882364273071,11.787701022624969,0
269,5.234109143416086,7.909663009146849,323,5.315490757425626,9.408497616648674,50,6.032874345779418,11.960353791713715,15
270,5.183052561748987,7.184024906706536,98,5.305481823011377,8.175641536712646,190,5.9449923285122575,11.41674395813339,0
271,5.400675945067674,8.992871577820083,151,5.5475512086675405,10.151776498623107,111,6.396210257926684,13.371892736199197,1736
272,5.223394956853655,7.059401344921853,3,5.313014043702019,7.987810922993553,0,5.885988824897343,11.674073020617167,0
273,5.320354921477182,8.289899681295665,139,5.413378692808605,9.40870970203763,87,6.291205661637442,12.18225584711347,118
274,5.379096050520201,8.082808570281879,24,5.499031144219476,9.019440704100841,20,6.310041704693356,12.231638470211543,0
275,5.269578041749842,7.832909999875461,52,5.385672053168802,8.911416231884676,136,6.141090796975528,12.196560769922593,2
276,5.2555586918290835,8.340244789080447,185,5.394495791699513,9.490839745265891,298,6.142245243830853,12.367995313851232,163
277,5.180011070691622,7.115410279005001,75,5.297612336965708,7.9101599378463545,122,6.0047681759565315,11.92710163654425,0
278,5.178733990225994,7.3469918078519925,2,5.307267360284295,8.327899167760158,1,6.031222246062589,12.092421410788955,0
279,5.386517129838467,7.915457751601934,1,5.479051981121302,9.083200827342807,0,6.147406674921513,12.09444010257721,0
280,5.272495751685285,7.940184031395202,501,5.33160452639803,9.347191625453057,341,6.275649938177556,11.639570515206518,5324
281,5.351794346957139,7.26846935757449,137,5.3717196760043295,8.2501468952273,17,6.000760971660345,11.936693258688482,0
282,5.102770587047899,6.615643241319312,139,5.162979154701692,7.506223477512958,85,5.7598115679729425,11.276651072214886,0
283,5.297587742524989,7.584669648899752,85,5.43561590980081,8.548843528943904,40,6.139960384368896,11.941924207350784,0
284,5.308213941829721,8.02366632038785,169,5.368346558403722,9.158844805255379,198,6.132414921042845,12.67772504472241,34
285,5.406373357772829,8.156887561745114,236,5.483171145121258,9.428191428714328,63,6.3106182946099185,12.85803771548801,85
286,5.309146217153042,7.289418896542321,50,5.373161527174938,8.078566053245641,72,5.990454124498971,11.82788605026052,0
287,5.308654895642909,7.35364973981206,195,5.409722758502495,8.336267685017935,88,6.1319616945778455,11.962937605090257,5
288,5.146478688716889,6.772457230836154,200,5.227745071053505,7.744200926646591,194,5.856737643480301,11.580492234230043,0
289,5.253022081396553,7.346492843011792,268,5.310248487451103,8.496603734707564,218,6.034129817834061,12.189709170480793,1
290,5.304842126542243,7.919115403424138,4,5.41039918816608,8.980821249277696,0,6.283323536748472,12.4828249198803,0
291,5.242385754218468,7.381299642416147,38,5.339133916757046,8.380433878837486,5,6.055276387777084,11.957454363505045,0
292,5.393030059169716,7.886429507967452,25,5.437947891127896,8.843128449480298,5,6.155409033869354,12.2549549022191,0
293,5.231859797862039,6.987543814217866,150,5.323515137629722,7.894076772590181,75,6.0685100840098825,11.833661292915913,0
294,5.299997586470384,8.05416218134073,84,5.361801691544361,9.063028971354164,218,6.1425901620815955,11.947549520394741,916
295,5.313186173743389,7.557581549629252,268,5.4141443638091395,8.657047361769575,353,6.023734128221553,11.941623809489798,45
296,5.218185167203005,8.10909243013667,122,5.2832300854825425,9.317888605183569,238,6.2369592874899675,12.005867240072668,182
297,5.228147770985064,7.188622277185142,161,5.300834512136069,8.155260310833714,36,5.890195157154497,11.762913060475544,0
298,5.247762354937467,7.475548684597015,176,5.354971625588157,8.471370428800583,317,5.952022140676325,11.83393168449402,1
299,5.179918180432237,6.948759574639169,0,5.2468475709881695,7.861928603105377,0,5.97568288602327,11.98477828711794,0
300,5.215053970373949,7.519036328908308,47,5.349627031863314,8.318189848973912,418,6.12277763792612,11.814223826510233,15
301,5.330636910903147,7.466110562666868,35,5.392897330797636,8.315577091314854,29,6.046344268016326,12.068445670299038,0
302,5.357814855575562,8.408139377832413,169,5.43831729888916,9.554784108400344,389,6.272445225715638,12.424156732559204,110
303,5.284774643182755,7.633265939354896,86,5.386860817670823,8.489616875350475,128,6.085157251358034,12.199020302295686,0
304,5.250084100625454,7.348244343048485,105,5.404332246535864,8.182379699670351,140,6.060549308092166,12.168584365111132,2
305,5.31626804324164,7.561794617901678,110,5.363215619239254,8.598106551861418,28,5.997718659000119,12.090391698090926,0
306,5.237456121306488,7.163478989532029,70,5.3628074535425165,8.11916963086612,30,6.093735397725865,11.82504837754844,0
307,5.269224734141909,7.927724250431719,180,5.373101831852704,9.019395731303884,199,6.188289949263649,11.969711983340911,660
308,5.295339685497862,7.578730155121196,8,5.408691268978696,8.567848879279513,0,6.057556174018166,12.10766345804388,0
309,5.259935604346977,7.938261220743367,246,5.416790003304953,8.969062254324065,341,6.09503660621224,12.262777490930246,2
310,5.191107474267483,7.137890014797449,0,5.312051400542259,8.065382769331336,0,5.959569536149502,12.122694537043571,0
311,5.235404291051499,8.163562796217331,132,5.3383199027244075,9.631887258367335,471,5.908194204594227,12.842325413480717,175
312,5.2574374815996965,7.822501823013904,265,5.352825248942655,9.768594817787994,78,6.162348621031817,12.415725072224934,1093
313,5.211345434188842,7.058780518670876,37,5.318119300736322,7.926389911108546,10,5.986957331498463,11.635572559303707,0
314,5.1858944284155015,7.526384381537742,149,5.2863807627495305,8.53825976239874,343,6.204820470607027,11.322794569299576,1586
315,5.33769297917684,7.352777852217357,29,5.37363935470581,8.240162763595581,2,6.07618169784546,11.874525349934896,0
316,5.2788494807570725,7.380642184570655,0,5.368054745802239,8.367101875703726,0,5.960115788587883,12.037216663360596,0
317,5.14551526583158,6.555419164437515,174,5.261871469937838,7.402200366900518,119,5.796173689915584,11.693654970022349,0
318,5.304004955291748,7.436422432462375,0,5.329662855466207,8.426122868061066,0,6.034937024116516,12.010141913096108,0
319,5.2960135262945425,8.277989478214927,116,5.433832785357599,9.62207704005034,149,6.081964912621871,12.828425189723138,21
320,5.288904797540952,7.585712917863507,1,5.311411145615251,8.644270082042642,2,6.261135290746819,12.1366291634024,0
321,5.272835892897387,7.278354732806866,4,5.3194151658278255,8.219188219767352,3,6.008292418259841,11.862864868457502,0
322,5.328831365233974,7.8942715980504685,170,5.391931985553942,9.019164827309154,128,6.137831430686147,12.390017898459183,0
323,5.326255247328017,7.6735329495535956,45,5.395028972625733,8.737708212269677,149,6.049996725718181,12.145594829983184,5
324,5.234645347595215,6.911853886445364,39,5.324714196523031,7.7951327745119725,41,6.0429199600219725,11.480765444437663,0
325,5.177044461755192,7.373687006094876,32,5.343277166871463,8.28319303866695,10,6.078985473688911,11.899032214108637,0
326,5.285669497501703,8.077889492482315,108,5.448707980874143,9.030711903984162,175,6.2953912946912975,12.417914037351252,28
327,5.337874943101911,8.442117150400726,17,5.446439890794351,9.596881000088974,15,6.35674892344945,12.864239612095792,0
328,5.2251611183851185,7.276804664960275,0,5.290835386667496,8.193660149207481,0,6.019208278411474,11.739339773471539,0
329,5.307228321614473,8.010281838800598,169,5.356596703114716,9.113846458494663,217,6.064283137736114,12.492091334384419,60
330,5.366932915478218,7.217574594951258,191,5.361892903723368,8.226368556298862,84,6.018154167547459,11.834704166505395,0
331,5.197954216668772,7.049648890661639,230,5.314378793849502,8.049085248348325,307,5.994098996007165,11.53717103115348,1
332,5.313943456720423,8.159668654571345,111,5.377842944345357,9.260250505105947,73,6.3053627426241645,12.089464093432012,317
333,5.358187603694137,8.79427298679147,148,5.489555999796878,9.91667481648025,546,6.249721824481924,13.14303021789879,84
334,5.222958378169848,7.449179610480433,27,5.359317710434182,8.293671651162962,18,6.05324205453845,11.900872313457986,0
335,5.220149696647347,7.5240546480401775,154,5.35873504118486,8.433484974619631,128,6.117237889921512,12.044711546464402,0
336,5.3182805606297086,7.950595322109404,250,5.371962104524885,8.941543363389513,284,6.2210089308874945,12.139208827699933,56
337,5.305602363177708,8.095098468519392,338,5.4182345526559015,9.1923152080604,228,6.1073448203858876,12.24295773960295,368
338,5.27997517043894,8.421797810630366,151,5.405407992276279,9.441366894678637,417,6.259724270213734,12.313187252391469,65
339,5.299387753804525,7.5614976620674135,99,5.3858557764689134,8.517627555529277,115,6.102251173655192,12.307425473531087,0
340,5.335614395696063,8.43778343464053,121,5.422203124955642,9.623711831347887,101,6.255834784618644,12.45246145337127,1101
341,5.2285269514306805,7.3570811841395,212,5.320582445565757,8.422307338033406,66,5.9837472283994995,12.08452115740095,0
342,5.302845497389098,7.886130324892097,4,5.370983491072784,8.986094855778926,0,6.295007228851319,12.228446444949588,0
343,5.253625510651388,7.244132242820882,186,5.340525209167856,8.306506195186095,94,6.015099325297792,11.625741693708632,0
344,5.296897505459032,7.101211027095192,81,5.311765984485024,8.03182828426361,56,6.0340060999518945,11.765470780824359,0
345,5.314941778950308,7.206966346022726,254,5.328067236933215,8.195483326226816,68,6.0211865600498236,11.866389439023774,0
346,5.230066569454699,7.634905591068499,181,5.280238030904747,8.815352465732987,71,5.906102576887751,11.883005693734411,65
347,5.221695028502366,7.6722659544013005,136,5.308535164800183,8.718490560849506,277,6.0913815936823,11.900367698450198,63
348,5.338076523372107,8.279171208758932,135,5.424067662312435,9.322304403388893,85,6.153871690833962,12.907307100820017,9
349,5.1522719830274575,7.397968390583992,91,5.266775044798851,8.307039381563664,52,6.0461167931556705,11.725077903270721,5
350,5.453857310982638,8.427293150923974,47,5.5470963799676225,9.638137756392013,51,6.340706215348355,12.681107532146365,119
351,5.222043396478676,7.252789944769388,65,5.347558619028114,8.081203003245665,30,5.986207795430379,11.961688001471831,0
352,5.188255418965846,6.661824323144959,104,5.22871282659931,7.478527306406586,48,5.959917209766529,11.60649131256857,0
353,5.237178561331211,7.45997665668356,95,5.30850189033596,8.4587937524949,70,5.951187643511542,11.89380721388192,0
354,5.3317997096336045,7.73754058145497,0,5.4241388856548145,8.792388623707915,0,6.1498295052410805,12.17821342651158,0
355,5.3872662921284515,8.18486154148745,150,5.499575082645859,9.168747808351071,174,6.210952697798263,12.49197420963021,0
356,5.335195681987664,7.957290615790929,90,5.485314271388909,8.867849927682144,26,6.108785837124556,12.37820273179274,2
357,5.339337480311491,7.8158081855092725,140,5.317865464152122,9.004793837362406,35,6.102955857101753,11.837783180937475,27
358,5.157701362263072,6.639928908962192,2,5.279200691165347,7.386569446686542,0,5.996151367823284,11.47355607061675,0
359,5.219007962370571,7.4402306839211345,73,5.396739182406908,8.45700044664618,65,5.976164393229027,11.866578990465975,93
360,5.1666049415414985,7.140917312918288,56,5.262316461765405,8.023025114879463,33,5.913014007337166,11.766132361961134,0
361,5.094033054921819,6.107693267964768,182,5.221704795442778,6.847761037705958,214,5.618699008020862,11.008991866276181,0
362,5.192873017171795,7.152406373050775,81,5.253455941596728,8.196144161599404,107,5.943748366966676,11.91935145988893,0
363,5.235192456028679,7.834846412593669,105,5.369974244724621,8.720557394352825,130,6.113774792714552,11.997123447331514,31
364,5.309027067820232,7.459891749421756,0,5.3579848130544026,8.384797993302344,0,6.029051947593689,12.156719160079955,0
365,5.132298892452603,6.716871659670557,144,5.199599237669082,7.7008963369187855,111,5.779488716806684,11.41337461698623,0
366,5.242226582068902,7.468086770602636,310,5.319777544442709,8.694876952604814,134,6.092910772794253,11.714932466482187,192
367,5.144668124970936,6.842803093176039,0,5.215618587675548,7.750311682148584,0,5.914561763642326,11.760079762292285,0
368,5.195792901210296,6.501646937659153,16,5.235531207842705,7.313246429921724,0,5.861534237861633,11.712406830909925,0
369,5.205032335008894,7.214134327854428,30,5.345434924534389,8.032788971492224,23,5.940704018729074,11.937671048300606,0
370,5.331157159805297,7.529590019157954,0,5.416712720053537,8.443125622613088,0,6.087976918901716,11.932321507590157,0
371,5.3767874296321425,8.608257289542708,156,5.454147083814755,9.796418370202531,48,6.372289014417072,12.683443701544473,11
372,5.246714870651047,7.034325368992693,39,5.330652596114518,7.8774149479804105,29,5.939187700098212,11.677749751450179,0
373,5.207970185713334,7.26798502965407,4,5.3314578388676495,8.207229684699666,0,6.034214048674612,11.834225495656332,0
374,5.434209794883269,8.438598423119052,221,5.540289930550449,9.499118810317603,184,6.284170127776732,12.788856322506824,18
375,5.1715270614624025,6.529098699887594,1,5.296510492960612,7.328331570625306,0,5.843948109944662,11.340209376017253,0
376,5.2445778289398595,7.287219666815423,175,5.273619973814333,8.43421291840541,189,6.003360488198021,11.746233141267457,0
377,5.220306836165392,6.977052659183354,16,5.347547131699401,7.837483184678215,5,5.9297258079826065,11.62492508083195,0
378,5.420764666884692,8.702985405921936,80,5.467385953931666,9.916653346659533,34,6.392272308691223,12.547933848936168,8
379,5.298473075378772,7.842274596524794,132,5.383950704752013,8.941633758156799,115,6.295232074205266,11.975130025730575,22
380,5.247479267609425,7.550225600218161,150,5.4153996002979765,8.542912914202763,277,6.041547273978209,11.983452020547329,1
381,5.358775313471405,7.999897726824587,10,5.470116339938741,9.125884067844337,0,6.242253431132142,12.305263707335568,0
382,5.12791456320347,6.703168084606145,67,5.207378907081408,7.627821660767763,64,5.856707887771802,11.45356202736879,0
383,5.022347052892049,6.0278547376394265,9,5.141016920407613,6.798248350620269,0,5.6336877107620245,11.204392353693644,0
384,5.253907913185029,7.319304691739829,52,5.314874623195234,8.246690609727999,75,5.934413780649024,11.83703091632889,0
385,5.346133782313421,8.444606282772162,231,5.447619719383043,9.583085857904875,467,6.11875136081989,12.732552393888815,267
386,5.371490785053799,7.866111898422242,8,5.502618871416365,8.855700421333312,4,6.203996453966413,12.250145884922572,0
387,5.124163957963507,6.576790370854988,87,5.237452891935785,7.4131058748946135,30,5.854993576026825,11.629779470972268,0
388,5.276004350703696,7.492528968531153,87,5.412947063860686,8.529038457766823,169,6.028031618698783,11.799530329911605,0
389,5.196743379156274,7.096847420715425,162,5.2802232776779725,8.046943684658373,86,5.99742700967444,11.60606263631798,0
390,5.481890487670899,8.697076102892558,35,5.558940156300863,9.778403418858847,11,6.233334420522054,12.74567268371582,2
391,5.398329482359045,8.988649606704712,41,5.533388130805071,10.050501914585338,69,6.75812407100902,12.822417778127335,108
392,5.190132709110484,6.456368105376468,6,5.257761071710026,7.2860567306771005,1,5.862866654115566,11.37793103386374,0
393,5.301099193339445,8.296502527533743,148,5.413423119759072,9.886743276703113,73,6.23309275568748,12.430238431813763,630
394,5.2410647776219745,7.485204678077202,85,5.31592405616463,8.400040027383087,78,6.024993667354832,12.066500614215801,0
395,5.33188274653271,8.363290706066172,127,5.408393142199276,9.56903098930012,224,6.144974434014524,12.511987565743805,122
396,5.197354426255098,6.873539877904427,18,5.303794010265453,7.693349454853986,1,5.930182186332909,11.569569922782279,0
397,5.439771646185767,9.359567489805102,181,5.491631203059908,10.81048846320261,244,6.541509845588781,13.310971978344494,1676
398,5.265470610724554,7.074274634137565,72,5.391905107615907,7.933378012827885,45,5.930743241015776,12.006783073331103,0
399,5.3301441583288725,7.929689808064198,65,5.377997909683779,9.046358030962658,18,6.228582204106342,12.527537679097739,1
400,5.349376733104387,8.590158574283123,183,5.456712265809378,10.003364132717252,169,6.263488302628199,13.101498295863466,31
401,5.203706747368921,6.531299289268784,37,5.261788760559468,7.351023819627642,3,5.9882804713671725,11.269172137296653,0
402,5.348163562851983,7.722769550777771,358,5.378705485447034,8.76202977710479,107,6.089821383759782,12.227602688041893,9
403,5.27777161723689,7.459084532762828,39,5.342849728308226,8.190259353110665,65,6.1049814914402205,11.950228477779188,0
404,5.2823156604060415,7.9854620124822775,160,5.383553602077343,9.066907228143126,208,6.141607331640925,12.238437634927255,142
405,5.298281073570251,7.598261242403703,0,5.427630200105555,8.603245743933845,0,6.0829307752497055,12.160442240097943,0
406,5.18271870083279,6.651492264535691,2,5.263986788098774,7.414843572747139,0,5.8406615030197875,11.558259797474694,0
407,5.342277920361861,8.723081260051542,73,5.379234198227669,10.202462015800105,134,6.268919384595259,13.245645254561044,246
408,5.331458103807666,7.669577865660946,128,5.400508566747737,8.651050944871539,45,6.036831566050083,12.246357990216604,3
409,5.341674403446477,7.801537718714737,62,5.434886281083271,8.786416700700435,1,6.211584986709967,12.431068164546314,0
410,5.222481803049015,7.992326462193381,120,5.37614281569855,9.150667988023237,45,6.1464539057091825,12.19024039522002,18
411,5.295692718946016,8.310923299728294,151,5.406455058317918,9.400843699773151,66,6.354580408487564,12.22767747976841,1507
412,5.321122606595358,7.485763650801446,39,5.392964786953395,8.37352223197619,20,6.01060453388426,11.895451188087463,0
413,5.2895926170878935,7.640556058949894,42,5.357722805605994,8.546334617667728,45,6.082994315359327,12.074168139033848,0
414,5.178005530916412,7.813447215091222,282,5.313151661006884,9.006616015543884,372,6.021414981491264,11.853795840822418,104
415,5.219401669502259,7.050050254993969,118,5.288458821508621,7.9952777975135385,27,5.883418729570177,11.756370989481608,0
416,5.177097531813609,6.745989327189287,34,5.307325357123267,7.587324949004983,62,5.912334466282325,11.455405651768551,0
417,5.2132429496662045,6.687070402744654,46,5.278246699152767,7.50405475013965,33,5.91890422717945,11.794890481072503,0
418,5.217562518621746,7.57947152853012,100,5.302520921355799,8.588625357339257,22,6.038391790891948,11.844392669828315,15
419,5.274785734358288,7.847538745119458,132,5.391807709421429,8.815937239499318,78,6.293627029373532,12.21101327169509,0
420,5.318393040852374,7.582630173269525,231,5.307654777205134,8.64165181998747,95,6.108782320137484,12.020520968609546,4
421,5.26256669484652,7.324847511756114,27,5.318118645594671,8.271298008851515,1,6.05031107022212,12.029568525461048,0
422,5.262725921998541,7.136332806334439,63,5.3150848997644635,7.947581510945975,164,5.916497092649161,11.763434042413552,0
423,5.274113002190223,7.617137724619645,0,5.429160301501935,8.483368985469525,1,6.178815856346717,12.136611718397875,0
424,5.191775960080764,6.8939471490242905,10,5.2244336745318245,7.715257856775732,1,5.8891965010586915,11.70232555445503,0
425,5.183238189431686,6.537433527692963,25,5.265576975255073,7.289085074881964,21,5.906727253636227,11.537321827079676,0
426,5.143926064173381,6.714343289534251,0,5.254675829049313,7.441586496252002,0,5.877871737335668,11.414737145105999,0
427,5.264270256092022,7.909513677095439,260,5.330735863029184,9.088180288091882,381,6.190493150190874,12.262690308806185,210
428,5.2296845181783045,7.628885579903921,21,5.321263236999512,8.45856676419576,44,6.195960178375245,12.047897663116455,0
429,5.315311564020364,7.354337903390448,175,5.3250502505934385,8.496187995715315,86,6.082831583827375,11.80909796795213,23
430,5.221325820142573,7.3533428202975895,34,5.325759074904703,8.341963682662357,26,5.915574252605438,11.738842341032896,0
431,5.268435053078525,7.735745066619783,103,5.34348092596215,8.68392138021538,291,6.095432608960623,12.119754113346698,0
432,5.270312075973839,7.842931105244546,149,5.382857430365778,8.876688584204645,278,6.025245989522627,11.848773069279169,54
433,5.335741240183513,7.759699358940125,36,5.465758895874023,8.640904242197674,25,6.221617431640626,12.24409428914388,0
434,5.365725327844489,8.358027938294084,52,5.438112683492164,9.1783082093278,100,6.237310788402818,12.520311460103075,4
435,5.453227764368057,8.369331721961498,35,5.568707072734833,9.412464533746244,27,6.415398615598679,12.585651159286503,0
436,5.274364210154912,7.035366656029061,89,5.327547759225924,7.97547365378027,14,5.930348017444349,11.818505391682663,0
437,5.291104589189802,7.768578482951437,18,5.409854769706726,8.780839689714567,1,6.155394724437167,12.223464625222343,0
438,5.404350843185033,8.631687488311375,38,5.562628055230165,9.740826380558502,7,6.429071285785772,12.762902308733036,4
439,5.279357426603076,7.477767262660281,3,5.3666299967698645,8.465891218521227,1,6.166007243411642,11.927316705945511,0
440,5.158613890817721,6.387330275692351,53,5.180109429032835,7.183002084901887,16,5.779473997142217,11.369816649450012,0
441,5.235750799593718,8.148808496153872,95,5.325488002403922,9.37019041310186,28,6.271837561026864,12.205878402875816,578
442,5.359082564063693,8.543071994315024,70,5.506421648937723,9.572078549343606,179,6.279754731966101,12.605070476946622,73
443,5.204659445341243,7.090773636518523,56,5.318182740100594,7.974988991437956,58,5.810801544854807,11.614289361377095,0
444,5.188925752156898,6.822204810909078,123,5.261613758304451,7.773087118999866,69,5.9132926373542105,11.499228761165957,0
445,5.221125763516094,7.216883689858193,293,5.367768404095672,8.20923990288446,438,6.068809243135675,11.72775511408961,10
446,5.202639679754934,6.8377287272484075,1,5.241502807986352,7.611926244151208,0,5.9624586643711215,11.636178124335505,0
447,5.281503381227192,8.105204953410123,155,5.3833505254042775,9.153058181232527,160,6.336527490615844,12.38467317882337,176
448,5.3415894835603,8.468677026968376,283,5.424290888449725,9.653366201648526,563,6.343130630605361,12.888726159638049,48
449,5.115927176597791,6.537896061554933,287,5.203242797117967,7.323052154137538,359,5.8831314979455405,11.22200213334499,0
450,5.32196928096074,7.955204259323818,153,5.454889861486292,8.887310913173103,210,6.140942906820647,12.340661643653789,1
451,5.298739775489358,7.591466292212991,109,5.365212855619543,8.691704316700207,36,6.164608843186322,11.905976693770464,2
452,5.3660279512405396,7.729582615588841,16,5.462289496472007,8.656834570985092,5,6.327326730677955,12.14546709939053,0
453,5.248308681672619,7.601117634965528,8,5.3267674292287515,8.780558780316383,0,6.087448281626548,11.991360664367676,0
454,5.2389956633249914,7.28240155114068,27,5.366161478890313,8.098055574629043,28,6.069802040523952,11.873675844404431,0
455,5.281040272016204,8.130875667829192,156,5.40583336219359,9.264081278543793,262,6.065110201246283,12.284151162994041,161
456,5.38875258259657,8.009638091412986,84,5.479673705449919,9.076521890919382,7,6.351671207241896,12.393119823641893,0
457,5.345078852441575,7.933334577414724,3,5.434241837925381,8.985560317834219,3,6.44026145670149,12.25897002220154,0
458,5.351573470092955,7.986844990934644,109,5.3992453416188555,9.165095862888155,60,6.1940454471678965,12.309123799914406,1
459,5.310188306172689,7.419292123715083,15,5.371207189559938,8.345257803201676,1,6.026986087163289,12.10939254760742,0
460,5.147726513090587,7.3813401347114915,192,5.347727968579246,8.28756984358742,264,6.031325544629778,11.964514823186963,1
461,5.274988625500654,7.8632793507060486,0,5.415701866149902,8.982676009874087,0,6.14046734088176,12.482185131794697,0
462,5.223749238511791,8.11510075725939,90,5.397420165331466,9.048202177428681,269,6.18752704495969,12.180351589037025,316
463,5.281569049165055,7.967856587590399,102,5.38179915015762,8.89159415219281,53,6.147399264412957,12.119084023140571,1
464,5.229403235191523,7.519285708665849,157,5.3056862964186555,8.602078712956851,230,5.999567364537438,11.791081589321758,82
465,5.140164798498154,6.655343749374151,108,5.21671877205372,7.454741032421589,273,5.803647893667222,11.37644900083542,0
466,5.153149077149688,6.468977921321744,0,5.234847537806777,7.32106555192197,0,5.823212592328181,11.335805314486144,0
467,5.1761790588498116,6.912176107056439,1,5.273553542792797,7.779702021740377,0,5.958614930510521,11.760584503412247,0
468,5.166326913833618,6.61709137916565,25,5.323449929555258,7.430499547322592,34,5.911838963826497,11.503715012868247,0
469,5.3176569450985305,7.668580449440262,175,5.416002452373505,8.597838333384558,355,6.141161252151836,12.147401224483144,36
470,5.308457169351699,7.963034252577191,169,5.389600862430621,9.014166216307048,151,6.116636445250691,12.148419609552697,12
471,5.285925769805909,7.34880525097251,107,5.319642472267152,8.327333794534207,63,6.037528264522553,11.794062614440918,0
472,5.110784061619492,6.018788812590428,0,5.200873226415916,6.72759885866134,0,5.684676365774187,10.96590805053711,0
473,5.446009950076832,8.705393021246966,287,5.528680975296918,9.915237144862905,171,6.378941754733815,12.880489820592544,32
474,5.382824876091698,8.961133653467353,145,5.500998843799938,10.263312388550151,233,6.423986440355128,13.166805505752563,1522
475,5.207812100280949,7.3324789517087705,70,5.334998063099237,8.250387334253316,52,6.017215290187317,11.905679114070939,0
476,5.306900880275628,8.244224694294807,49,5.4210140735675125,9.171614583104084,124,6.087864771867409,12.465093294779459,23
477,5.227646347842638,7.194626919076412,1,5.361596843864344,8.025480931318258,0,5.9993970243236685,11.850032389918459,0
478,5.207782636714887,6.763395407531834,63,5.271446722972243,7.67101718051524,34,5.898777418498752,11.690651803077023,0
479,5.246922464370727,7.735153621832531,70,5.340236355463665,8.625302585760753,20,6.1145254898071295,12.162555402119956,1
480,5.248686348950422,7.062121167595003,77,5.296658710197167,7.918471151663933,74,5.982311407725016,11.759878158569336,0
481,5.255387423789664,6.938187742069976,4,5.347041606903076,7.802048770328091,0,5.960473024681822,11.895642260982566,0
482,5.32185980391829,7.805935732305866,22,5.391337832359419,8.78582006611236,3,6.057442142538828,12.090660042958717,0
483,5.232803147633871,7.192897634506227,29,5.300678539276123,8.177958966890971,2,6.052910188039144,12.061511828104656,0
484,5.138286093870799,6.9588803756568165,112,5.260876132382286,7.7685236169232255,51,5.8603754838307704,11.621513611740536,0
485,5.400836358125182,8.482423645326461,103,5.5010910143797425,9.60269518556266,16,6.253906222595566,12.624665622053476,2
486,5.223673665523529,7.169757276773453,88,5.295966303348541,8.050592279434204,67,5.949644106626511,11.595524322986604,0
487,5.2396172384421025,7.256446188108788,9,5.3304416371716385,8.167166190842787,2,5.956458545393414,11.644358224338955,0
488,5.409784329401982,7.929914117052959,36,5.450071084034907,8.905335005711425,1,6.154995834672606,12.293233437971637,0
489,5.313644823702899,8.396538791331379,376,5.4178626699881125,9.70339850810441,545,6.211849407716231,12.090091835368764,2038
490,5.260909221790454,7.277752777676523,119,5.3673439555697975,8.152753535612128,28,5.924635569254557,11.99917686132737,0
491,5.277543673795812,7.526772758539985,103,5.367040477079503,8.464698407229255,151,5.831299860337202,11.831222096611473,0
492,5.275895211234021,7.28619829576407,16,5.3101183976700055,8.306441990297232,0,6.062040129704261,12.194703977499435,0
493,5.244138099253178,7.381010037846863,0,5.408786311745644,8.41054102126509,0,6.03627710044384,12.039130717515945,0
494,5.221187649703608,7.02490968529771,94,5.3294134837825125,7.802446509279857,63,5.979000504423933,11.741914714254985,0
495,5.191564330032893,6.725129743062313,199,5.25492613088517,7.608856511612732,230,6.023739888554529,11.494352221488953,0
496,5.25450023233074,7.840223914139891,263,5.348045453633347,9.025954137926231,278,6.204168019229417,12.323842577738304,1
497,5.233642973397908,7.710551321506499,287,5.330178386286685,8.843217936001325,298,6.091344155763324,12.099551257334257,4
498,5.246332470760789,8.01398701688578,277,5.371668923732846,9.271528847688852,294,6.184073963830637,12.19837274107822,2635
499,5.318668221318445,7.947985055834748,150,5.479977668717851,8.892077016275982,149,6.17379099269246,12.22791028577228,7
500,5.281122295335791,8.148776280468908,320,5.343346760190767,9.483639754098037,318,6.238335773862642,12.486614314989112,2005
501,5.326047611236573,7.739823170006276,116,5.478277397155763,8.903114661574364,89,6.205120158195497,12.376543951034545,2
502,5.440551884203073,8.423093455383576,65,5.4796297349125505,9.516715066978731,31,6.344287665493517,12.596625086772875,7
503,5.24961055853428,7.237018607109068,44,5.3281797384604435,8.179079017843694,2,6.041223238676022,11.8570864261725,0
504,5.305171120032836,8.109575860955742,72,5.394237084335155,9.107563289363732,89,6.068032157555056,12.204822615291295,77
505,5.229482155811937,7.494401838206038,300,5.3176072941550725,8.683705116374583,397,6.170267720765706,12.04372688486606,1377
506,5.339600167623381,7.8728799245706425,72,5.376703657755038,8.902220442527678,37,6.234438925254636,12.257150644209327,0
507,5.287344950896043,7.35111428835453,35,5.341472228368123,8.299951045941084,9,6.015478500953087,12.087321159167166,0
508,5.214308046958816,7.070562616200514,62,5.277337436944666,7.965504611042183,47,6.073276607083603,11.480446318505518,0
509,5.360838258588637,7.755684670564292,1,5.523772755184689,8.703260624730909,0,6.2998046875,12.195727180790257,0
510,5.185239599810707,6.608638743559519,1,5.302528275383843,7.449077568120426,0,5.890725553035736,11.445566905869377,0
511,5.381233345972348,8.153111041408694,153,5.456215375090299,9.291799181128201,293,6.15785751604054,12.363965282701466,0
512,5.255194508752158,8.022453917320384,134,5.392571826313818,9.101824567761533,383,6.031786574873813,12.060081443121266,303
513,5.1870930279002465,7.137301979345433,597,5.265814876556397,8.310024808434878,514,5.904308032989501,11.731774105745203,0
514,5.176112909574766,7.320335122379098,150,5.288740841118066,8.323163956403732,279,5.977268856924934,12.067629247098356,0
515,5.372951770650928,8.623981203155957,203,5.39503167141443,9.884749365949084,499,6.276168708143563,13.067285384254895,359
516,5.303152527528651,8.066243557369008,110,5.381243116715375,9.39161547352286,41,6.124491029627183,12.151676957747515,94
517,5.220421250049884,6.991493834899022,43,5.280316725755348,7.795424812879318,29,5.937026384549263,11.614682111984642,0
518,5.2273506104946135,7.0297286294400685,69,5.33220136165619,8.006500755250455,6,5.959728854894639,11.722757828235627,0
519,5.33170747756958,7.957636977566613,96,5.316751458909777,8.966114657455021,128,6.209919696384006,12.224391492207845,523
520,5.2091133782738135,6.624837726354599,17,5.278369589855796,7.400323227832191,14,5.805173240209881,11.566914947409378,0
521,5.2492665596950205,8.003086044464581,92,5.390359607743628,9.26668045403045,46,6.188527813664189,12.274525041933412,51
522,5.234509054121081,7.316727612699782,213,5.301056510799534,8.412210906599904,109,6.194412530123533,11.885057093022947,29
523,5.2007950146993,7.067830562591553,12,5.3177813516146895,8.032657663027445,0,6.0445365974868555,11.618699986001719,0
524,5.24586769969193,7.88072831237439,68,5.37409127127264,8.904563934532638,137,6.002500932241222,12.240205622210944,209
525,5.275110162334678,7.0611269738939075,210,5.324334421275574,7.9697561793857155,165,5.925052060021294,11.628486957079096,0
526,5.269876205757872,7.500011236700293,21,5.3791615734361615,8.504443428287766,3,6.0896662947249744,11.975958131764031,0
527,5.23575350943576,7.771320399943362,84,5.305339167627055,8.663059758336356,262,6.0381401308466875,11.985872482985593,95
528,5.231984677522079,7.497812315173771,12,5.3325049393418915,8.536181462847669,2,6.009544676628666,12.073034272677656,0
529,5.196617313531729,6.358775118681101,22,5.280253414007334,7.067545596911358,2,5.831873339873095,11.403330326080322,0
530,5.259373527833786,7.030351112628805,171,5.30332455141791,7.819951260226897,242,5.807820862737195,11.692620940592096,0
531,5.173464992467095,6.271425142007716,33,5.234350330689374,7.004651981241563,10,5.851696287884432,11.320490472456989,0
532,5.176185982567922,6.947150688511984,10,5.308811637333461,7.8408822298049925,1,5.967359392983573,11.68597605569022,0
533,5.410347136584195,8.115878672762351,82,5.498652203516527,9.149170050566847,11,6.400691189549186,12.668016580018133,3
534,5.33621400197347,7.88014164964358,1,5.423672342300415,8.880400429169338,0,6.168998169898987,12.0386372645696,0
535,5.21547026580639,7.177816484751327,224,5.246901913975062,8.241498809182243,213,5.838866694589679,11.707278342729204,0
536,5.129316332974011,6.82391369606875,179,5.215073325965977,7.831067706399326,274,5.922566368610044,11.48111252845088,10
537,5.2157416343688965,7.059216294739697,82,5.308744153460941,7.952702027720376,179,5.986782061087119,11.698440538870322,0
538,5.19482793337033,6.884323368837803,207,5.255964979713346,7.750625686880983,173,6.029412711108172,11.771980933201164,0
539,5.225141092044551,7.640534265739163,109,5.358718232410711,8.552889213329408,72,6.254461776919482,11.922726195033004,40
540,5.192818880081177,7.184316926613087,158,5.252352022543187,8.12588352982591,260,5.978657472424391,11.717141197948923,0
541,5.296039569072233,7.532626239153055,116,5.385740420757196,8.41576488659932,75,6.024012278287838,11.981617707472582,0
542,5.191328582478993,7.0399094846711225,45,5.371938491935161,7.890842578304348,18,5.93198100844426,11.636035734148166,0
543,5.453324923795812,8.487362741021549,30,5.547818464391371,9.615085534488454,4,6.436665613511029,12.639033957088696,13
544,5.374563765251773,8.032677669634765,56,5.467237982256659,9.044362758768015,172,6.249659412208644,12.089367088230176,57
545,5.260504517149418,8.27548061152722,152,5.37716992357944,9.478008281677328,613,6.223302648422566,12.589075423301534,36
546,5.050098985784194,6.483062718896305,376,5.148059873019948,7.513560382057639,544,5.732195270762723,11.222702290030085,40
547,5.236225992441177,7.720139138028025,50,5.3521064013242725,8.662121807783842,127,6.196843600273133,12.307523852586746,0
548,5.179121335347493,6.61551634669304,47,5.329929151535034,7.470349364280701,4,5.865262123743693,11.403012739817303,0
549,5.340833707859641,8.193989757644502,75,5.4594728068301555,9.26418189155428,61,6.223989467871816,12.56258181521767,0
550,5.273709935201726,7.87372101192743,21,5.383252949781821,8.945064494307612,4,6.246840819506579,12.025222482815595,0
551,5.187716543084324,7.707768646797332,74,5.280878591065359,8.65134991454606,151,6.006142101665535,11.700348400833583,1155
552,5.2926810641347615,7.45257298445996,83,5.351139751481421,8.40593996018539,226,6.009616857693518,11.930518544750448,0
553,5.123469018936157,6.4282972378390175,3,5.248434455054147,7.198348318678993,0,5.791568122591292,11.427922003609794,0
554,5.317851902393813,7.97733851631036,105,5.457584091786588,8.98509864994649,143,6.148829679810598,12.195164551895655,37
555,5.279689330559273,7.540138181153831,52,5.412506518425879,8.491227806388558,14,6.08588997729413,12.21559408113554,0
556,5.292099433786729,7.8234945518129,0,5.405238887842964,8.794325739145279,0,6.181854844093323,12.23131451887243,0
557,5.372186829966884,8.37386541645373,23,5.404090500647022,9.617718495188221,3,6.270730010924801,12.703485073581819,0
558,5.426001109086075,8.35359550141669,128,5.5202924431144424,9.454182917421516,15,6.248907776622029,12.335424324134728,3
559,5.32230777625578,7.709041369966714,201,5.421829137457422,8.766514713505666,174,6.196576526366085,12.330382875649327,0
560,5.276164168661291,7.7236529358408665,76,5.385224011811342,8.625358235429633,202,6.0318687829104345,11.785986282608725,11
561,5.25491240530303,7.370052121805422,9,5.359893387014216,8.36430642686107,4,5.992471088062633,11.970840309605455,0
562,5.337570158283363,8.157070698363057,237,5.404130255238394,9.439003223783514,298,6.136080527573489,12.298742133579896,1495
563,5.230470408411587,7.600641326869235,7,5.350536917938905,8.501759611070156,0,6.086864180424634,11.915678388932172,0
564,5.177721642828607,6.47555769883193,15,5.254582665183327,7.2808723124590795,7,5.9670851571219305,11.430118399781067,0
565,5.369952986114903,8.25099512620976,146,5.433872116239447,9.655674743024926,222,6.360136634425113,12.571472996159603,625
566,5.151502179545025,7.219928340856419,222,5.192087203957314,8.254400325029394,411,5.876218676567078,11.702425302461137,2
567,5.269776785245506,7.851815317266731,206,5.464156196963403,8.98688957768102,216,6.184543583982735,12.409201037499214,36
568,5.218251296452114,6.738124891535028,3,5.311334795766063,7.646723488708595,3,5.954091740893079,11.653776552770047,0
569,5.371930109659831,8.165362281004588,102,5.519605344136557,9.287169836362203,42,6.26372122446696,12.591834195454915,0
570,5.40797266789845,8.104500590335753,187,5.458987156550089,9.290333784761883,67,6.107239325841268,12.34498447463626,5
571,5.324797436043068,7.937093956970874,193,5.403723039744813,8.892612735430399,194,6.110770590511369,12.230230719954879,10
572,5.424266196869233,8.367746184160422,188,5.483121557550116,9.529268921076598,121,6.258714073306912,12.642801819266854,16
573,5.336730259656907,7.359903980791569,28,5.444973880052567,8.279411259293557,7,6.216493380069734,11.916158574819566,0
574,5.299874076595554,7.839250440721389,156,5.396260224379503,8.8640308829097,194,6.145737821405585,11.942063343989386,38
575,5.158340786632738,6.371949669561888,78,5.234529168982254,7.238963244776976,170,5.74182525433992,11.249559527949282,0
576,5.334484689206962,8.11197306556874,27,5.453197522335742,9.1795907049294,8,6.282279336308859,12.45147831468697,0
577,5.492616974074266,9.573591026766547,123,5.5450911357485015,10.957122696199637,227,6.542938087178372,14.049210438783142,141
578,5.3162023312336695,7.669684052467346,24,5.334746940715894,8.679159697648641,18,6.167955720746839,11.953457961211333,0
579,5.21791050169203,6.621818896796968,6,5.260208851761288,7.486462897724575,0,5.938281436761221,11.631777385870615,0
580,5.313113787088049,8.025070280913848,64,5.392308080052755,9.240430327783148,57,6.083691303988537,12.442603639809484,6
581,5.192627022140904,7.205770116887594,32,5.341145540538587,7.993950367758148,146,5.972382062359859,11.916593212830394,0
582,5.226638563563314,6.868680428253131,280,5.248808673258577,7.881727994827742,139,5.942474209860469,11.581914039140337,0
583,5.196600273863909,6.883225842697978,0,5.271697913130669,7.784856781567612,1,5.980392377670496,11.78819247467877,0
584,5.235976319159231,7.044901484443295,1,5.3088027892574186,7.981066296177525,0,5.972156824604157,11.798105409068448,0
585,5.269330426266318,7.2545453615878746,5,5.35598371530834,8.162172164571912,1,5.9808511608525325,11.883876173119795,0
586,5.29580015472219,7.6654466239711905,89,5.4050869036324425,8.596155035344859,90,6.016346671913244,12.032891720156126,0
587,5.364264947175979,8.20666192471981,125,5.4866510987281805,9.19945098310709,195,6.238312077522279,12.40532786846161,11
588,5.278254999433245,6.962746880735669,52,5.332992744445801,7.763429738794054,19,6.018065002986363,11.760569245474679,0
589,5.207883761042639,7.105598610781486,336,5.29153017203013,8.077335407336552,98,5.862094243367512,11.472807322229658,0
590,5.28550703731584,6.9348599263179445,16,5.3659401469760475,7.782163328594631,1,6.03429623592047,11.91805264979233,0
591,5.252205437421798,6.88929376900196,120,5.2646440207958225,7.726315079629422,16,5.856826269626618,11.592983806133272,0
592,5.18565945876272,6.840353472190991,0,5.299917697906494,7.725452224413553,0,5.928714124779951,11.85992460083543,0
593,5.357853260907261,7.853066392017133,0,5.458860708005501,8.80252701585943,0,6.149426619211833,12.209806485609574,0
594,5.271152242537467,7.126320815855458,0,5.3578241486703195,8.01898931495605,0,6.0432927070125455,11.87920707271945,0
595,5.161758319751636,6.721346995315036,30,5.281098069371405,7.61809995045533,2,6.002445478697082,11.559839815706821,0
596,5.160551461828761,6.760176855397512,91,5.278930916843644,7.558908653546529,115,5.949830911245691,11.371888356036452,0
597,5.335335978755245,8.91643621413796,71,5.488679585633455,10.106173268070927,222,6.351597953725744,13.617900804237081,0
598,5.2400969299110205,7.319641627169945,125,5.383142729063293,8.25800027798962,35,6.017281809368649,12.076676781113084,0
599,5.3689118638096085,7.938030352075416,66,5.4004208438367725,9.002730356641562,15,6.123243751296078,12.100392824195954,0
600,5.266098110643152,7.1531979445725264,7,5.314541183105886,8.131218215782349,0,6.059832860345709,11.818932141343208,0
601,5.297160601615906,7.343525055050851,50,5.376496535539627,8.15304872840643,71,6.056056541204454,11.796421813964846,0
602,5.380219625623039,8.730487043937941,157,5.517132357265172,10.10547539893161,96,6.2437721584620105,12.764047719119638,128
603,5.2409625766203565,7.995508959459275,167,5.365786542597505,8.864027089064884,581,6.0332595982502415,12.601611619143142,28
604,5.306914632970637,8.003377172079952,52,5.34920265457847,9.083836731585588,86,6.2476342212070115,12.004081433469597,49
605,5.175602143151419,7.211108148097992,144,5.310759789603097,8.036653854165758,316,6.1707634993961875,11.957525157928465,0
606,5.185964279277351,7.669021578886176,161,5.3135344905238,8.891273505585168,454,5.949714614498999,11.956191975583314,49
607,5.282394004422565,7.654576406922452,108,5.35971536747245,8.687046988065852,285,6.0554796263229,12.004457917324332,4
608,5.247332724896106,7.487987361111484,186,5.277410790160462,8.411262594409044,108,5.946762530358283,11.798765098655617,0
609,5.26659914565413,7.944032631508291,101,5.339557804473459,9.072132585799856,183,6.115865609417222,12.121814172561853,3
610,5.287130925562476,8.032619490251914,87,5.339892542207396,9.017665378459089,106,6.225268500191825,12.31246885076746,6
611,5.136411850867064,7.198105437600094,105,5.311389124911764,8.09104952864025,177,6.086200076600779,11.60467907656794,0
612,5.286279781755194,7.625748426081188,142,5.373842170439572,8.692764540752734,69,6.218242438442736,12.212119406964405,0
613,5.186902673938606,7.304875809935075,17,5.312233864506589,8.094372194024581,7,6.009593523001369,11.866982798033122,0
614,5.298957764347898,7.312241021590897,183,5.379776839968525,8.15352756162233,64,5.981120411353775,11.768758146068718,0
615,5.2338291081515225,7.760142076325107,40,5.348807161504572,8.77566432333612,9,6.112317209119921,12.274144730010592,0
616,5.231908331746641,7.36602908200112,70,5.358397387076115,8.193018671395123,83,5.9957457141599795,11.881398933521217,0
617,5.262295902549447,7.684576584147169,58,5.34116115817776,8.746043326018693,121,6.199796014017873,11.935387970565202,459
618,5.22632217949087,6.873658861626277,85,5.353048963980242,7.734696359796957,11,5.945026592774825,11.643992646173999,0
619,5.3719699657880335,8.1704745959395,125,5.498512668487352,9.247612447119677,53,6.287356822918623,12.680987706551184,2
620,5.163540526612164,6.391456419474458,1,5.226673727166164,7.228591540904894,0,5.847486587419902,11.510795671645909,0
621,5.277644449121812,7.316420707983129,161,5.320939173417933,8.368526702418048,83,6.007665723912856,11.995956353580251,0
622,5.261197550543423,7.4674877366800425,156,5.353485776090073,8.525930260789806,18,6.164023141751344,11.944658970010693,1
623,5.263357871770859,6.944088165462017,200,5.366830444335937,7.817844459414483,60,6.044682168960572,11.739021652936934,0
624,5.19928203724526,7.073115188527751,43,5.37206591786565,7.97507548090574,108,5.965239215541531,11.958299662615802,0
625,5.113480595655219,6.998943461928256,182,5.283124402511952,7.9200519323349,198,5.9561802786450055,11.48741090020468,0
626,5.29109038548036,7.50689812343229,90,5.340107825669375,8.444164307957347,158,6.115825122052973,11.911374774846163,0
627,5.349530027972327,7.73947645806604,45,5.445773707495795,8.714282461338573,55,6.210061146153343,12.040489660369024,0
628,5.088658806103378,6.678183579622809,45,5.1378868053208535,7.548042403228248,79,5.757300846612275,11.358227345480849,0
629,5.2363765857837805,7.021356532603135,134,5.3192111003546065,8.010067566677376,33,5.893498385394061,11.684281637639174,0
630,5.307865173785718,7.584821567906962,57,5.340078830718994,8.814493975082001,7,6.095156551955583,12.063762330389643,1
631,5.256661845578087,7.3720735882719355,59,5.292973289887111,8.375129452182186,16,6.033791515562269,11.897651274998982,0
632,5.233756083946724,7.227590201737046,107,5.359677593429368,8.063017473592387,32,6.091522253953017,11.83150139102688,0
633,5.337317614941984,8.29608552359246,101,5.339233211568885,9.438497293639827,41,6.12527996784932,12.501787269437637,0
634,5.2653931147092345,7.742930209627012,233,5.337747827752844,8.781330606138164,172,6.2438468623470955,12.125386671586469,8
635,5.426968193602288,9.084587225968809,125,5.537109961454897,10.397537850785529,108,6.401795853143451,13.3433539291908,93
636,5.416798214117686,8.182240123550097,31,5.489783538712395,9.308912027213308,3,6.334128048684862,12.544391910235086,0
637,5.340801782386248,7.838822617780331,49,5.4180477330851,8.832434272696805,117,6.129095110782357,12.183958120124284,1
638,5.3168548183676645,7.801240731168676,34,5.362085065723936,8.775009746904725,43,6.123551062595697,12.296703515229401,0
639,5.288589175743393,7.70869224056413,107,5.364958968343614,8.685331137874458,127,6.090674865094921,12.139073299456246,0
640,5.2816793984837,7.81353169100152,58,5.3754841188589735,8.862258169386124,14,6.1884247991773815,12.111389524406857,0
641,5.172834080916185,6.455509987244239,0,5.2549074686490576,7.303211562450116,0,5.829822459587685,11.60439303471492,0
642,5.291106227003497,7.780275929857183,174,5.351121496271203,8.897499980749906,85,6.164165284898546,11.87476020389133,329
643,5.216487312316895,6.879199467500051,0,5.310776017506917,7.768752619425456,0,5.947972838083904,11.674191036224364,0
644,5.331127916063581,9.221738057477133,109,5.48413575547082,10.4464555606246,284,6.333212750298636,13.464715744767869,161
645,5.057896500926907,6.130847033807786,0,5.150955822508214,6.910060182466346,0,5.691619388127731,11.410580117823713,0
646,5.185911845557298,6.616399600111608,136,5.2482715045349515,7.443537527530253,67,5.8850465605530555,11.53623306902149,0
647,5.321092499627007,7.673619971010421,347,5.353358634312948,8.954041198227142,392,6.149347363577949,11.80002006424798,593
648,5.334061362526634,8.4203389341181,170,5.44100148569454,9.461011637340892,173,6.3351582505486235,12.74668567830866,201
649,5.015177178056272,5.949017299772942,13,5.160134691081634,6.646207517548783,14,5.672642270179644,10.937099959752329,0
650,5.244836482405663,7.354069776833059,136,5.285609069466591,8.565800603479147,47,5.945942914485932,12.019232118129732,0
651,5.466574533076226,8.397744102568566,90,5.538266743285747,9.51281856207908,48,6.413495371613322,12.51563854458966,61
652,5.139321552004134,6.361619318383081,0,5.23782138143267,7.157009581157139,0,5.780921234403339,11.176613576071603,0
653,5.305113722638387,8.139816342330562,224,5.35951048571889,9.346056307234416,152,6.13929717133685,12.285302825090362,209
654,5.302117485749093,7.599190680604232,166,5.3375754607351205,8.610226929187773,241,5.993886106892636,11.986173912098533,13
655,5.416853443960125,8.858272265852166,106,5.530854150150599,10.267489825741627,81,6.442258952708727,12.551244735717773,890
656,5.216157639964242,7.107638223787372,341,5.289395251970612,8.37142947282684,93,5.86847149388174,11.645774927032129,17
657,5.256371871845143,7.273982170465832,19,5.380392306559794,8.155337367508864,0,5.982611559532784,11.865593646023726,0
658,5.345330102103097,8.319107089336818,182,5.410301487167161,9.557114757113643,215,6.116771521506372,12.244229861668178,422
659,5.308165860672792,8.23140461742878,210,5.387408638993898,9.436216929927468,152,6.247950325409571,12.50887263814608,228
660,5.272187200593359,7.898430777184757,378,5.375640127393934,9.144292191222862,109,6.127574432043382,12.207335224858037,112
661,5.259352509975433,7.411122894883157,240,5.304126636981965,8.800580800175666,64,6.078580298423767,11.91351863861084,53
662,5.311497494231823,7.5162677085676854,112,5.414140723472418,8.496080831039784,89,6.105533028757849,11.938552290894265,0
663,5.19667346793485,7.03774164814547,282,5.254583439195013,8.033708342586657,175,5.972186444753624,11.571302781622094,0
664,5.319878174276913,7.8651576883652625,154,5.407323057511274,8.836785888671875,74,6.1871732487398035,12.276573068955365,0
665,5.281573894123236,8.556792854020994,163,5.367273370424906,9.95268842453758,199,6.267460713783899,12.732429474592209,328
666,5.289814375695728,7.25215734683332,52,5.407402838979449,8.216616651841573,5,6.022515898659115,11.932075801349821,0
667,5.128784535725912,6.322988697687785,16,5.166802520751954,7.164149699211121,2,5.8099326833089195,11.404850095113119,0
668,5.305664669383656,8.980202902447093,40,5.365296855117336,10.406105205266165,129,6.408812763715031,12.70585361634842,2166
669,5.260022318208373,7.619782255067454,131,5.380331472917037,8.53120056530098,105,6.074944186520268,12.152999184348367,1
670,5.203626715947712,6.835751580813573,0,5.288771561213902,7.816725857674129,0,5.9159572086636985,11.790224438621884,0
671,5.350647495217519,7.803710735007508,185,5.415968503037544,8.809609254745588,112,6.081166398035336,12.460443392191847,0
672,5.394544345576589,8.276548123941188,30,5.481620346627585,9.300033240783506,3,6.213747495558204,12.443858646764989,0
673,5.3452685296535485,8.103463581204416,125,5.490396684408188,9.207679194211961,53,6.2588682055473335,12.471204364299773,11
674,5.247317976729814,8.202670115024544,147,5.426314730976902,9.189610910623573,517,6.112957322320272,12.459959041240605,75
675,5.318181438210569,7.600697889004224,210,5.353603580851614,8.573879604722245,186,6.042939521648266,11.984920725410367,1
676,5.30738217588784,7.928201879280202,8,5.405787799669349,8.906155278717263,4,6.07184786727463,12.231394228727922,0
677,5.3125685056050616,8.48764187381381,9,5.4538167374474655,9.39077215677216,93,6.356241112663632,12.316793714250837,24
678,5.342504592168899,8.002789124136878,80,5.464295801662264,9.053221347786131,84,6.347856544312977,12.078254007157826,53
679,5.264149335714486,7.418084401350755,209,5.3116048115950365,8.43687523328341,116,6.082381456326216,11.856110817346817,5
680,5.352720732437937,8.948942836962248,70,5.438825868305408,10.202326393127441,293,6.300193746466386,12.889869398819773,1906
681,5.223607029713376,7.210153527662787,81,5.324254788143533,8.271088114926512,30,6.00918765806816,11.735470127051986,0
682,5.279311262151246,8.039985391401476,57,5.401250495705553,9.102525295749787,95,6.1362073088205,12.167598344946422,22
683,5.318091826005416,8.271824552254245,129,5.352893926880577,9.510417632081293,191,6.1284396702593025,12.684263825416565,15
684,5.298244519111438,6.953648645144241,104,5.267751871011196,7.9314075983487635,28,5.8469630388113165,11.5210424325405,0
685,5.2629508521105794,7.407448050138113,89,5.335346434567426,8.265932638902923,38,6.079914892042005,11.79422512569943,0
686,5.130247934540706,6.518794694053593,40,5.255848457564169,7.177547690583698,24,5.861330203155973,11.54859775571681,0
687,5.197806795905619,7.4941054274054135,187,5.294732531379251,8.463811143706826,175,6.107713284212,12.108178004096537,3
688,5.227554909594648,6.817982908967254,63,5.341379914964948,7.592622992280241,18,5.91970680286358,11.635012539950283,0
689,5.183034748644443,6.894441781414523,97,5.270355440474846,7.769986287967579,23,5.8714665496671525,11.651480494318783,0
690,5.194962187418862,7.400945620877401,0,5.3094755581447055,8.376448318125709,0,5.905333360036214,11.648743213169157,0
691,5.271004454509633,7.012590524715346,102,5.32177126085436,7.829711723166543,241,6.002035579165898,11.630069565128636,0
692,5.417859677345522,9.29041160562987,70,5.522957781309723,10.577403046751536,148,6.277207948828257,13.136018547960509,313
693,5.179388586511003,7.986775521268235,130,5.3016911516798295,9.229900821726373,227,6.132303430678997,11.340908456355967,5023
694,5.423246367947086,9.003943732806615,206,5.532419188992009,10.234763416615161,206,6.206050563644578,13.315386740715951,121
695,5.270116263628006,7.8048368275165565,113,5.312274292111397,8.819640949368477,166,6.216787362098694,11.899626243114472,86
696,5.27560402399086,7.302300945822015,399,5.344214450882142,8.414257517780166,193,5.914456195141897,11.87626028060913,0
697,5.3916494131088255,8.476187483966351,21,5.489268898963929,9.514359596371651,93,6.383603149652481,12.686752462387087,8
698,5.162456156602547,6.496308484184207,1,5.229067418112685,7.295598448212466,0,5.874496595183415,11.456616102759517,0
699,5.380445411330775,8.073878123571998,24,5.482751896506861,9.184038224973175,2,6.19379372973191,12.579204797744751,0
700,5.191397986513503,7.331405337820662,187,5.274793467623122,8.383501514475396,270,6.036826077927935,11.82259464263916,0
701,5.281277621664652,7.330203214796578,94,5.3911312789451795,8.220667353490503,52,6.094447542981404,11.839318240561136,0
702,5.159415541468441,6.646541679227674,60,5.222734612387581,7.41882708588162,8,5.88226258432543,11.55717844576449,0
703,5.190477451720795,6.856264498326686,8,5.298478522858063,7.676044826383714,0,5.98924951429491,11.725314790552314,0
704,5.4362688064575195,8.404168989600205,113,5.490680781806388,9.51670309828549,59,6.437940649869965,12.739580817338897,12
705,5.334713093222004,8.09537894105258,58,5.4044366601395275,9.156772456757007,42,6.186884657977378,12.314711897340537,37
706,5.411850714951418,8.657882352893271,240,5.5809272701820625,9.82129443361518,207,6.328092826886123,13.123737324489635,21
707,5.114582550676563,6.840734593475921,293,5.185302667979952,7.810339013232461,320,5.884896006765246,11.335154388524309,0
708,5.2835536849114195,7.869028012598714,5,5.418608803902902,8.93157741139012,0,6.3620224921934065,12.28104486773091,0
709,5.2510540056764405,7.1023435612742825,157,5.342305579881989,8.05476390243916,84,6.0103243013446255,11.753703042362513,0
710,5.257753522772537,6.801036019074289,218,5.329724343199479,7.719925645150637,134,6.001487832320365,11.431178431761893,0
711,5.253456180745905,7.31841737070641,13,5.306896618434362,8.374194559725849,2,6.100531206502543,12.18375233860759,0
712,5.182713613277528,6.620341171578664,53,5.260545998084836,7.352098149497335,34,5.9159547468511064,11.320782888226393,0
713,5.449455281378517,8.847026706581385,98,5.524720064351256,10.18404805744198,8,6.5732275935965525,12.806390251911864,102
714,5.148344796498617,6.758471568425497,1,5.232233117421469,7.593409996032715,5,5.903702087402344,11.828606351216635,0
715,5.362394182305586,7.5295973812278945,69,5.410725618663587,8.49803081468532,53,6.117414656438326,11.981019685142918,0
716,5.201904124480028,7.1945693630438585,10,5.348525072978092,8.276804195459073,1,5.967644365017231,11.909345377408542,0
717,5.102894312540691,6.693997986316681,63,5.222304630279541,7.549212679068248,81,5.884240500132243,11.73090000152588,0
718,5.492680440077912,8.74136503967079,22,5.542967267938562,9.926975897840553,26,6.418605727118416,13.15192509986259,0
719,5.283677850450788,7.868793799763634,126,5.324657218796866,9.048950902053289,159,6.178102118628367,12.142453681854974,161
720,5.16169928496992,6.886164584629973,25,5.237532316798895,7.82103648655851,13,5.905392022200035,11.46037938561238,0
721,5.328757068690131,8.060747016878688,12,5.445129359469695,9.209690590115155,0,6.386635668137494,12.534280440386603,0
722,5.237619822365897,7.096014411108834,5,5.314326967511858,8.055334842205047,1,6.005776160103934,11.816106946127757,0
723,5.390227966094285,8.596475416354917,233,5.516911806685201,9.88675772607996,62,6.48203334915504,12.66580393073264,168
724,5.209615407845913,7.174017524107908,245,5.366032117452377,8.300731778144836,227,6.011082551418207,11.779749515729073,0
725,5.435055210349265,9.163052086749772,89,5.486134850577022,10.51660052712044,141,6.555641399340683,12.946792425734273,83
726,5.23541153482644,8.090189099311829,71,5.283169286796847,9.062040606176998,114,6.2027372164898615,12.337977168071701,10
727,5.361759866986956,7.770187171678693,0,5.40316359202067,8.816420165319292,0,6.161997469644698,12.071072078886486,0
728,5.3871556619803105,8.32171932856242,219,5.499760826428731,9.42693976064523,228,6.278538505236308,12.589328020811081,11
729,5.241720002374532,7.50478336914086,34,5.342921960501023,8.518708928131762,50,6.163622161488474,11.952422471694005,25
730,5.350741002870643,8.526699773643326,100,5.4195165685985405,9.928048652151356,176,6.183381883994393,12.358714549437812,140
731,5.24489486785162,7.7179560604549575,253,5.310080959683372,8.938602739856355,158,6.1608851580392745,11.997152078719365,26
732,5.258473716284099,6.887802771831813,9,5.29528516217282,7.819487207814266,1,5.914514736125344,11.641266295784398,0
733,5.2538739075170495,8.20346915889009,78,5.392126092286867,9.327527126976262,63,6.173483235813746,12.484697582565735,63
734,5.275504652276097,8.016854359442931,96,5.427092029387693,8.994008085813867,127,6.300161166363453,12.205399254718458,0
735,5.35673870042313,8.677582405334295,378,5.46952380136002,9.90664820199789,324,6.285967078319817,12.97960497612177,200
736,5.232272001830014,7.444940648972988,133,5.274064134467732,8.581363016231494,198,6.151570477268914,11.797340533950113,201
737,5.2572959592972675,7.5748100424635,69,5.364308017423784,8.57354215849405,57,6.031939490088101,12.001953130480887,0
738,5.191078249613444,7.238913422326247,0,5.366786332925161,8.19782558431228,0,5.975832859675089,11.926386197408041,0
739,5.2585480549756225,7.553315235586727,186,5.395529009314144,8.549519268905414,271,6.037371248357436,12.0084560843075,1
740,5.231157437751168,6.749538773768827,216,5.266444275253697,7.735391899943351,121,5.911205636827568,11.697658865075363,0
741,5.307352317704094,7.591791282097498,9,5.429512533876631,8.419207546446058,11,6.145867539776695,12.23306859864129,0
742,5.265517150299458,7.836017015614088,34,5.376007134401345,8.706823057766202,19,6.2655584902703,12.095705889448334,0
743,5.170111027359963,6.722367915883661,61,5.275263231992722,7.520327599905432,25,5.8592427462339405,11.632903063297272,0
744,5.292446669779325,7.594823045165914,27,5.356740562539351,8.62214392580484,5,6.278919251341568,12.059971269808319,39
745,5.453532977842949,8.643265991143778,73,5.527243647776858,9.837700633935526,99,6.261541306133002,12.662671223492689,1
746,5.301013616954579,7.306889896007144,5,5.374717747463899,8.215305188999455,0,6.053890270345351,12.074279771131629,0
747,5.3988527986738415,7.97416546675894,202,5.473210695054796,9.094956685437097,75,6.146869458092585,12.320360342661541,8
748,5.272691317967006,6.975903062077312,74,5.32453863342087,7.871262328965324,37,6.028495008295233,11.858826649653446,0
749,5.24395253108098,7.682060670394163,113,5.326779368159536,8.647264384306395,177,6.165056333437072,12.079631637740922,6
750,5.396550885166031,8.93334180332092,185,5.480485238224627,10.208945718156286,161,6.37337996011757,12.87461195796369,1308
751,5.275045952239595,7.775912047206582,72,5.393967089714942,8.860242701196052,20,6.054903463883834,12.12259037463696,0
752,5.231215394337973,7.752104111512503,105,5.367272535959879,8.73467355410258,294,6.107198492685955,11.976765232086182,3
753,5.302086353302003,7.536978820701699,32,5.440415865415103,8.376794952850839,23,6.1513736155126,11.907885873472537,0
754,5.275781500339509,7.420559790730477,68,5.34955781698227,8.311886712908747,33,5.962884485721588,11.861575245857239,0
755,5.238088668020147,7.233163716918543,121,5.260663057628431,8.217664605692812,31,6.003087550715397,11.779283769507154,0
756,5.189669738050368,6.655024444470641,7,5.296317186511931,7.455975415276699,0,5.889835936124207,11.799651364811133,0
757,5.313369626348669,8.25781726667827,137,5.469532053578984,9.266526977108283,208,6.169256234710867,12.634669314731251,69
758,5.275549087768946,7.7358973897420436,67,5.354748713664519,8.679897378652523,157,6.032151307815161,11.910791647739899,0
759,5.2509860356648765,7.367599631680383,176,5.3726056628757055,8.287390069166818,158,5.953338713116116,11.735182539621988,1
760,5.287063689458938,7.1945138424634925,173,5.344252631777808,8.094159344832102,193,6.022432100205194,11.72618277867635,0
761,5.229836264172116,7.741499449755695,133,5.378797550459167,8.780547654306567,26,6.188256547257707,12.033852126147298,2
762,5.305247358528964,6.803550455943649,30,5.3261379736015595,7.489601857690926,47,5.888796088207199,11.522414718765813,0
763,5.241121257435192,6.875396771864457,188,5.28050897771662,7.831901643492958,90,5.96921306956898,11.772411606528543,0
764,5.361090782076813,8.0380499501561,85,5.447018806324448,8.929311440434567,86,6.2487049823583565,12.42955617017524,0
765,5.313266249263988,8.125525307655334,177,5.444916792476878,9.147521146605998,204,6.069227353264304,12.269591746610754,518
766,5.2825885884902055,7.947043723218581,100,5.345107656366684,8.996445446855882,141,6.051966695224537,12.319615094801957,4
767,5.286177513211273,8.03088596809742,55,5.39198925883271,9.102919277756714,30,6.335144420002782,12.170704364776611,37
768,5.273378943142138,6.9546510781112465,55,5.390393489285519,7.85934336248197,3,5.98880262123911,11.672730558796932,0
769,5.305123011271158,8.44007255560086,98,5.424056159125434,9.486282174969897,256,6.144696953855915,12.500646049593701,160
770,5.166191519223727,6.809705204230088,4,5.2866486549377445,7.7082193842301,0,5.894437401111309,11.550605414463924,0
771,5.328736895606632,8.004572191408702,18,5.431578698612395,8.990892826091674,4,6.155137391317458,12.20140368597848,0
772,5.19551347283756,7.113980983986574,16,5.329865795724532,7.984136290629119,1,6.0919221709756295,11.807305784786449,0
773,5.337469512224198,7.685553738474845,49,5.432264482975007,8.709321887791157,65,6.17257873415947,12.402075374126436,0
774,5.313286909896336,8.142569443985316,70,5.4032132330905185,9.20482114032748,85,6.215929618042507,12.854278007250153,24
775,5.1708227106042814,6.8477845433596025,9,5.215028266648988,7.78213199731466,0,5.923623310553062,11.484916287499505,0
776,5.355041603709376,7.810410595217416,89,5.434066378793051,8.78766984579175,26,6.286647364150646,12.087849339773488,7
777,5.147597614087556,6.3682910431372495,14,5.248322342571459,7.197848991343848,20,5.736935621813724,11.320878097885533,0
778,5.4309243324191065,8.844823457473932,253,5.48605327827986,10.16977240734322,106,6.472067511358926,13.165802223737849,21
779,5.251808552514939,7.5075971980889635,29,5.314892337435767,8.449912779387974,111,6.145804263296581,11.807350987479799,0
780,5.248474517338713,7.017423443391289,12,5.342677942464049,7.830495339044384,6,6.005650379288364,11.886074939244232,0
781,5.38661253452301,8.46292142893957,139,5.481847804525624,9.511780320950177,133,6.165963323219962,13.16500583420629,5
782,5.191705778666905,7.408138447148459,43,5.317784472874233,8.43922112413815,10,6.01337171282087,11.824538707733154,0
783,5.267330313837806,8.114387251090172,156,5.41776719758677,9.178831692525119,227,6.2928719104722495,12.464481764061507,247
784,5.399697144826254,8.719724112543567,66,5.5080193596324705,9.917995628269239,171,6.39261229832967,12.453563399698544,1788
785,5.239735056714314,7.4491826034173725,103,5.3396986054211135,8.365638181930635,58,6.155526294940856,11.785415975058951,0
786,5.317734609950673,8.028292618691921,58,5.402940040284937,9.019784688272258,137,6.198328852653503,12.224552208727054,0
787,5.2873350281313245,7.378217460520297,147,5.3673915231084255,8.371236278194406,13,6.056172603584198,11.865542825446072,3
788,5.315991134433956,8.400413936311072,61,5.415624010693897,9.380878769434416,85,6.367307678683774,12.537364519559421,50
789,5.277454926417424,7.305838482502178,47,5.366340099236904,8.225718701497101,5,6.063966231468396,11.930297411405121,0
790,5.193627966774835,7.004727433125177,170,5.340607946301684,7.87674241926935,87,5.907402485976984,11.85008214432516,0
791,5.270769307642807,7.520492076873779,59,5.357585306520816,8.41538221453443,33,5.967820514867334,11.826084908143972,0
792,5.26176888864119,8.040340126215757,187,5.357769552167956,9.281504240664807,221,6.065377916608539,12.353883235009164,51
793,5.3015391901135445,7.229643879458308,2,5.3318586722016335,8.090815246105194,1,6.046030379831791,11.844859957695007,0
794,5.253719680610744,7.940784405702832,155,5.387099033114554,9.04412461628859,216,6.155524062014174,12.147381782531738,8
795,5.306176014888433,7.350490765807069,234,5.368058257632785,8.290250806160913,114,6.019342422485352,11.819561110602486,1
796,5.0754530710332535,6.558659178369186,1,5.193331283681533,7.347044254050535,0,5.715959541937883,11.641405750723447,0
797,5.334061779193025,7.977018466636316,0,5.471422807494206,8.917696440397805,0,6.203046948162478,12.446843901676917,0
798,5.315426556105466,8.690034119124263,120,5.333141720172057,10.594996061521705,106,6.138582318099503,13.077898713731273,766
799,5.303298386131845,8.501202661816667,159,5.417350571330001,9.57698392868042,272,6.527091788082588,12.269036165097864,1606
